Мусор,6117
Технологии,5305
Космос,3434
Биология,3114
История,2208
Физика,1601
Физиология человека,1595
Культура,636
Биология|Физиология человека,571
Науки о земле,508
Язык,455
Социология,426
Химия,392
Космос|Физика,367
Космос|Технологии,339
Computer Science,327
Психология,256
Технологии|Физика,240
Математика,217
Экономика,216
Биология|Науки о земле,166
Технологии|Физиология человека,147
Философия,143
Биология|Технологии,88
Computer Science|Технологии,71
Физика|Химия,68
История|Физиология человека,63
История|Культура,61
Технологии|Химия,55
Психология|Физиология человека,48
Футурология,47
Науки о земле|Технологии,43
Космос|Футурология,41
Биология|Химия,40
Биология|Культура,39
Физика|Физиология человека,35
Политология,34
История|Науки о земле,32
Биология|Психология,32
Психология|Социология,29
Биология|История,28
Космос|Науки о земле,28
Науки о земле|Физика,28
История|Язык,27
Биология|Технологии|Физиология человека,24
Биология|Космос,24
Физиология человека|Химия,23
Биология|История|Физиология человека,21
Социология|Физиология человека,20
Биология|Физика,19
Computer Science|Физиология человека,18
История|Социология,16
Технологии|Физика|Химия,16
Космос|Технологии|Физика,16
Космос|Физика|Химия,16
Computer Science|Биология,16
Науки о земле|Физиология человека,16
Computer Science|Физика,15
Науки о земле|Химия,15
Культура|Язык,14
Культура|Технологии,14
Политология|Социология,14
История|Космос,14
Computer Science|Космос,14
Физика|Футурология,14
Космос|Физиология человека,13
Социология|Экономика,12
Computer Science|Математика,11
Физиология человека|Футурология,11
История|Технологии,11
Биология|Физиология человека|Химия,10
Технологии|Экономика,10
Биология|Науки о земле|Физиология человека,10
Социология|Технологии,10
Computer Science|Биология|Физиология человека,9
История|Физика,9
История|Политология,9
Психология|Язык,9
Computer Science|Язык,8
Культура|Психология,8
История|Математика,8
Технологии|Язык,8
Математика|Физиология человека,8
Computer Science|Технологии|Футурология,8
Биология|Психология|Физиология человека,8
Технологии|Физика|Физиология человека,7
Математика|Физика,7
Технологии|Футурология,7
Космос|Химия,7
Культура|Социология,7
Психология|Технологии,7
История|Химия,7
Computer Science|Космос|Технологии,6
Технологии|Физика|Футурология,6
Computer Science|Технологии|Физика,6
История|Культура|Язык,6
Биология|Физика|Физиология человека,6
Computer Science|История,6
Биология|Математика,6
Биология|Физика|Химия,6
Биология|Культура|Науки о земле,6
Математика|Социология,6
Биология|История|Науки о земле,6
Computer Science|Футурология,6
Биология|Технологии|Химия,6
Биология|Культура|Физиология человека,6
Computer Science|Культура,6
Биология|Социология,5
Космос|Физика|Футурология,5
Биология|Науки о земле|Технологии,5
История|Науки о земле|Физиология человека,5
Computer Science|Экономика,5
Космос|Физика|Физиология человека,5
Биология|Науки о земле|Физика,5
Науки о земле|Технологии|Химия,5
Культура|Физиология человека,5
Computer Science|Технологии|Физиология человека,4
Психология|Социология|Экономика,4
Computer Science|Науки о земле,4
Computer Science|Социология,4
Науки о земле|Технологии|Физика,4
Computer Science|Культура|Язык,4
Биология|Космос|Технологии,4
История|Культура|Технологии,4
Культура|Химия,4
Computer Science|Психология,4
Биология|Технологии|Физика|Химия,4
Биология|Технологии|Физика,4
Социология|Язык,4
Computer Science|Биология|Науки о земле,4
Социология|Физика,3
Биология|Математика|Физика,3
Computer Science|Химия,3
Биология|Науки о земле|Химия,3
Биология|История|Культура,3
Биология|Математика|Физиология человека,3
Науки о земле|Футурология,3
Computer Science|Биология|Технологии,3
Биология|Футурология,3
Биология|Космос|Науки о земле,3
Биология|Космос|Физиология человека,3
Computer Science|Психология|Социология,3
Computer Science|Культура|Технологии,3
История|Психология,3
Физиология человека|Язык,3
Космос|Науки о земле|Химия,3
Computer Science|Физика|Химия,3
Культура|Физика,3
Культура|Науки о земле|Химия,3
Космос|Технологии|Футурология,3
Физиология человека|Экономика,3
Computer Science|Технологии|Язык,3
Биология|Язык,2
Биология|Культура|Психология,2
Биология|Физиология человека|Язык,2
Биология|Экономика,2
История|Космос|Культура,2
Психология|Социология|Физиология человека,2
Политология|Экономика,2
Биология|Культура|Социология,2
Биология|Космос|Футурология,2
Computer Science|Технологии|Физика|Химия,2
Футурология|Экономика,2
Космос|Науки о земле|Физиология человека,2
Computer Science|История|Культура,2
Космос|Экономика,2
Математика|Политология|Экономика,2
Культура|Математика,2
Социология|Философия,2
Биология|Социология|Физиология человека,2
Культура|Науки о земле,2
Биология|Психология|Социология,2
Технологии|Физиология человека|Футурология,2
Культура|Науки о земле|Технологии,2
Культура|Психология|Социология,2
Технологии|Футурология|Язык,2
Биология|Технологии|Футурология,2
Науки о земле|Экономика,2
Культура|Социология|Экономика,2
Космос|Культура,2
Науки о земле|Технологии|Футурология,2
История|Физиология человека|Химия,2
История|Экономика,2
Космос|Социология,2
Биология|История|Технологии|Физиология человека,2
Химия|Экономика,2
Космос|Технологии|Физика|Футурология,2
Науки о земле|Социология,2
Математика|Технологии,2
Computer Science|Социология|Технологии,2
Computer Science|Физиология человека|Химия,2
Computer Science|Культура|Физиология человека,2
Биология|Культура|Физика,1
Computer Science|Биология|Технологии|Физиология человека,1
Computer Science|Математика|Технологии|Футурология,1
Computer Science|Математика|Технологии|Физика,1
Computer Science|Математика|Футурология,1
Computer Science|Технологии|Экономика,1
Computer Science|Биология|Технологии|Физика,1
Computer Science|Математика|Химия,1
Биология|История|Культура|Физиология человека,1
Биология|Культура|Химия,1
Биология|Культура|Язык,1
Computer Science|Биология|Социология,1
Computer Science|Науки о земле|Политология|Физика,1
Computer Science|Науки о земле|Футурология,1
Биология|Науки о земле|Политология,1
Computer Science|Биология|Космос|Физика,1
Computer Science|Биология|Футурология,1
Computer Science|Космос|Физика|Физиология человека,1
Биология|Культура|Технологии,1
Computer Science|Космос|Физика,1
Computer Science|Космос|Футурология,1
Биология|Космос|Науки о земле|Политология|Социология,1
Биология|История|Язык,1
Биология|Космос|Физика,1
Computer Science|Социология|Технологии|Язык,1
Биология|Космос|Физика|Химия,1
Computer Science|Культура|Социология|Технологии,1
Computer Science|Технологии|Химия,1
Биология|Космос|Химия,1
Computer Science|Физиология человека|Футурология,1
Биология|Культура|Математика,1
Computer Science|Математика|Технологии,1
Computer Science|История|Технологии,1
Биология|Культура|Науки о земле|Социология,1
Биология|Культура|Науки о земле|Футурология,1
Биология|История|Физика|Физиология человека,1
Биология|История|Психология|Физиология человека,1
Computer Science|История|Социология|Язык,1
Биология|История|Науки о земле|Физиология человека,1
Computer Science|Физика|Футурология,1
Биология|Науки о земле|Технологии|Физиология человека|Химия,1
Computer Science|Физика|Физиология человека,1
Computer Science|История|Психология,1
Физика|Физиология человека|Футурология,1
Биология|Науки о земле|Технологии|Химия,1
Космос|Технологии|Экономика,1
Науки о земле|Социология|Технологии|Физика,1
Науки о земле|Политология,1
Математика|Язык,1
Математика|Экономика,1
Математика|Химия,1
Математика|Философия,1
Математика|Физиология человека|Язык,1
Математика|Физика|Язык,1
Математика|Технологии|Физика,1
Математика|Социология|Физиология человека,1
Математика|Психология|Физика,1
Математика|Психология|Социология,1
Математика|Психология,1
Математика|Науки о земле|Физиология человека,1
Математика|Науки о земле,1
Культура|Экономика,1
Культура|Футурология,1
Культура|Физиология человека|Химия,1
Культура|Физика|Физиология человека,1
Культура|Психология|Физиология человека,1
Культура|Математика|Психология,1
Науки о земле|Технологии|Физика|Физиология человека|Химия,1
Науки о земле|Технологии|Физика|Химия,1
Науки о земле|Технологии|Язык,1
Психология|Физиология человека|Экономика,1
Физика|Физиология человека|Химия,1
Технологии|Футурология|Химия,1
Технологии|Физиология человека|Футурология|Химия,1
Технологии|Физика|Футурология|Химия,1
Технологии|Физика|Физиология человека|Химия,1
Социология|Химия,1
Социология|Физиология человека|Экономика,1
Психология|Экономика,1
Психология|Физиология человека|Язык,1
Психология|Технологии|Физиология человека,1
Науки о земле|Физика|Физиология человека,1
Психология|Социология|Язык,1
Психология|Социология|Физиология человека|Экономика,1
Политология|Технологии|Химия,1
Политология|Социология|Экономика,1
Политология|Психология|Язык,1
Политология|Психология,1
Науки о земле|Физиология человека|Экономика,1
Науки о земле|Физика|Химия,1
Науки о земле|Физика|Футурология|Экономика,1
Космос|Физиология человека|Футурология,1
Космос|Технологии|Химия,1
Биология|Науки о земле|Физика|Физиология человека,1
Космос|Технологии|Физиология человека,1
История|Культура|Социология|Философия,1
История|Культура|Социология,1
История|Культура|Политология,1
История|Культура|Науки о земле,1
История|Культура|Математика,1
История|Космос|Язык,1
История|Космос|Физика|Физиология человека|Химия,1
История|Космос|Физика,1
История|Космос|Математика,1
Биология|Физиология человека|Футурология,1
Биология|Физика|Футурология,1
Биология|Физика|Физиология человека|Химия,1
Биология|Технологии|Физиология человека|Футурология,1
Биология|Социология|Экономика,1
Биология|Психология|Язык,1
Биология|Психология|Физиология человека|Язык,1
Биология|Психология|Физиология человека|Экономика,1
Биология|Политология|Химия,1
Биология|Политология,1
Биология|Науки о земле|Экономика,1
Биология|Науки о земле|Физиология человека|Химия,1
История|Культура|Физиология человека,1
История|Культура|Физиология человека|Химия,1
История|Культура|Футурология,1
История|Физиология человека|Язык,1
Космос|Психология,1
Космос|Науки о земле|Физика,1
Космос|Науки о земле|Технологии|Физика,1
Космос|Науки о земле|Технологии,1
Космос|Математика,1
Космос|Культура|Физика|Футурология,1
Космос|Культура|Физика,1
Космос|Культура|Науки о земле,1
Философия|Экономика,1
История|Физика|Физиология человека|Химия,1
История|Культура|Экономика,1
История|Технологии|Физика,1
История|Социология|Экономика,1
История|Политология|Экономика,1
История|Политология|Социология|Философия|Экономика,1
История|Науки о земле|Язык,1
История|Науки о земле|Химия,1
История|Науки о земле|Технологии|Физиология человека,1
История|Математика|Философия,1
История|Математика|Социология|Философия,1
История|Науки о земле|Технологии,1
