	mentions	scholar
0	39	Илон Маск
1	26	Беркли
2	26	Макса
3	23	Джорджии
4	19	Моделирование
5	16	Массачусетского
6	15	Калифорнийского
7	15	Каролины
8	14	Рельсотрон
9	13	Флориды
10	13	Беспилотник
11	13	Хаббл
12	11	Гарвардского
13	11	Гарварда
14	10	Седоль
15	10	Маск
16	10	Яндекс
17	10	Неправильно
18	9	Нобелевской
19	9	Нового
20	9	Стивен Хокинг
21	9	Дьюка
22	8	Колорадо
23	8	Кассини
24	8	Квинсленда
25	8	Сколтеха
26	8	Зика
27	8	Карнеги Меллон
28	8	Кеплер
29	7	Эдинбургского
30	7	Карнеги Меллона
31	7	Пенсильвания
32	7	Виргинии
33	7	Хаббла
34	7	Аалто
35	7	Метаматериалами
36	7	Кембриджского
37	7	Юты
38	7	Аллен Пэн
39	6	Тестирование
40	6	Аризоны
41	6	Планетологи
42	6	Альцгеймера
43	6	Джонса Хопкинса
44	6	Принстона
45	6	Роберт
46	6	Хассо Платтнера
47	6	Оксфордского
48	6	Техаса
49	6	Колин
50	6	Джеральд
51	6	Графен
52	6	Питтсбурга
53	6	Джеймс
54	5	Вашингтонского
55	5	Флетчер
56	5	Скриппса
57	5	Навина
58	5	Камкар
59	5	Сванте Паабо
60	5	Стэнфордского
61	5	Батыгин
62	5	Лидар
63	5	Смитсоновского
64	5	Пердью
65	5	Бристольского
66	5	Уильямс
67	5	Чандра
68	5	Эндрю Ын
69	5	Гершель
70	5	Миннесоты
71	5	Штерн
72	5	Дэвид
73	5	Пенсильвании
74	5	Твенте
75	5	Скриншот
76	5	Райса
77	5	Остине
78	5	Брауна
79	5	Миллер
80	4	Фраунгофера
81	4	Новоселов
82	4	Британии
83	4	Лондонского
84	4	Беляева
85	4	Михеев
86	4	Армстронга
87	4	Майкл Браун
88	4	Сиэтле
89	4	Интерфакс
90	4	Туполев
91	4	Дилан
92	4	Син
93	4	Тафтса
94	4	Монаша
95	4	Аделаиды
96	4	Йельского
97	4	Иванов
98	4	Ричард
99	4	Панчин
100	4	Макгилла
101	4	Майк
102	4	Джеймса Кука
103	4	Вандербильта
104	4	Говарда Хьюза
105	4	Массимо
106	4	Борисова
107	4	Клаассен
108	4	Хейлз
109	4	Дрон
110	4	Дюв
111	4	Блумингтоне
112	4	Вольщан
113	4	Теломеры
114	4	Амал Граафстра
115	4	Яндекса
116	4	Стартап
117	4	Техасского
118	4	Консолманьо
119	4	Уоллес
120	3	Келли
121	3	Тохоку
122	3	Ян
123	3	Солнцев
124	3	Эдвард Дженнер
125	3	Калгари
126	3	Алиса
127	3	Михеева
128	3	Рогозина
129	3	Гленна
130	3	Мур
131	3	Сканирование
132	3	Маргарет
133	3	Плунгян
134	3	Шарпа
135	3	Олега Астафьева
136	3	Онтарио
137	3	Римляне
138	3	Власов
139	3	Джорджа
140	3	Макмастера
141	3	Канаверо
142	3	Ломакс
143	3	Копенгагенского
144	3	Лахно
145	3	Бристольской
146	3	Планетологического
147	3	Робер
148	3	Джеффа
149	3	Мичиганского
150	3	Тейлситтер
151	3	Хуабин Чжао
152	3	Википедии
153	3	Щербакова
154	3	Такааки Кадзита
155	3	Сюдзи Накамура
156	3	Мордвинцев Крисофер Ола
157	3	Филипп
158	3	Сиа
159	3	Неймегенского
160	3	Вейцмана
161	3	Карл
162	3	Эндрю
163	3	Тайлера
164	3	Робертса
165	3	Мадисоне
166	3	Чарльз Дарвин
167	3	Пауль
168	3	Флаттером
169	3	Фридман
170	3	Научно-Исследовательская
171	3	Дарвин
172	3	Макеева
173	3	Мартина
174	3	Шувалов
175	3	Аризона
176	3	Корнелловского
177	3	Эмори
178	3	Ключарев
179	3	Ювяскюля
180	3	Дарнелл
181	3	Мариам Мирзахани
182	3	Филдсовской
183	3	Ким Чен Ын
184	3	Абдаллы
185	3	Кардиффа
186	3	Стэндфордского
187	3	Стэнфорда
188	3	Страдивари
189	3	Учинура
190	3	Ди
191	3	Орегон
192	3	Квинсленд
193	3	Цукуба
194	3	Эбола
195	3	Далхаузи
196	3	Андерсон
197	3	Райан
198	3	Орегона
199	3	Джордж Черч
200	3	Джордж
201	3	Эшли
202	3	Экранопланом
203	3	Ньюкасла
204	3	Паркер
205	3	Массачусетса
206	3	Джеймса
207	3	Витсватерсранда
208	3	Зализняк
209	3	Камов
210	3	Фишера
211	3	Юрий
212	3	Пенсильванского
213	3	Эмили
214	3	Джордж Пойнар
215	3	Каролине
216	3	Томкин
217	3	Дэна
218	3	Роджером Шойером
219	3	Артема Оганова
220	3	Боулдере
221	3	Короткова
222	3	Ноам Хомский
223	3	Бэрсма
224	3	Манчестерского
225	3	Ноттингемского
226	3	Токио
227	3	Сара Паркак
228	3	Смит
229	3	Нитин Гадкари
230	3	Церере
231	3	Петр
232	3	Синьнянь Дун
233	3	Техасе
234	3	Стенфорда
235	3	Томас Туэйтес
236	3	Эндрю Бирли
237	3	Дарьина
238	3	Тацит
239	3	Терпин
240	2	Пешмерга
241	2	Джейсона Дэвиса
242	2	Сайто
243	2	Кевин Коллс
244	2	Хиггса
245	2	Синсю
246	2	Бургман
247	2	Эйнштейном
248	2	Материа
249	2	Врангеля
250	2	Чарльза Дрейпера
251	2	Энцелада
252	2	Льежского
253	2	Мишель
254	2	Барнс
255	2	В-Третьих
256	2	Аргоннской
257	2	Изначально
258	2	Питулько
259	2	Малай
260	2	Эртугрул
261	2	Хэдли
262	2	Цокас
263	2	Антигона Неарха Гефестиона
264	2	Лаомедона
265	2	Бурсук
266	2	Дэвид Ын
267	2	Раджеш Рао
268	2	Кертина
269	2	Алан Чериг
270	2	Помпеи
271	2	Альберт
272	2	Рубен Сантамарта
273	2	Сантамарта
274	2	Гленн
275	2	Самарского
276	2	Алана Тьюринга
277	2	Аланом Тьюрингом
278	2	Сайт
279	2	Чалмерса
280	2	Глен Джексон
281	2	Экзомарс
282	2	Вирджинии
283	2	Симоны Йетч
284	2	Дэниэл Ротман
285	2	Симонова
286	2	Китаев
287	2	Кнуд
288	2	Рикфорд
289	2	Саксонии
290	2	Андре Боршберг
291	2	Ефанова
292	2	Грегори Бейтсон
293	2	Висконсина
294	2	Рассел
295	2	Персеиды
296	2	Нобелевским
297	2	Мельбурнского
298	2	Чедвик Трухильо
299	2	Макемаке
300	2	Сергея
301	2	Рэйчел Левин
302	2	Маурицио Порфири
303	2	Олег Бочкарев
304	2	Ася Казанцева
305	2	Каролина
306	2	Джуди Массар
307	2	Зализняка
308	2	Цао
309	2	Мерфи
310	2	Альберта Эйнштейна Подольского
311	2	Натана Розена
312	2	Ольстера
313	2	Нильсен
314	2	Рубцов
315	2	Гаврилова
316	2	Кентукки
317	2	Петербурге
318	2	Варламова
319	2	Эрнесто Скиапарелли
320	2	Хьюстона
321	2	Церера
322	2	Дакоты
323	2	Аризонского
324	2	Артур Шопенгауэр
325	2	Мартин Смит
326	2	Арман
327	2	Дэвида
328	2	Николаса Ривза
329	2	Леони
330	2	Хадза
331	2	Аврора
332	2	Маршалл Уайслер
333	2	Уайслер
334	2	Мюллера
335	2	Нейрофизиологи
336	2	Агафонов
337	2	Мирелла Серлонцени
338	2	Мэтью Коллинз
339	2	Серджио Канаверо
340	2	Дронов-Курьеров
341	2	Стенфордского
342	2	Шевченко
343	2	Георг Фойльнер
344	2	Хокинг
345	2	Альберт Эйнштейн
346	2	Мэтт Руссо
347	2	Пармитано
348	2	Эйндховена
349	2	Пиперски
350	2	Сергей Мироненко
351	2	Померанцева
352	2	Юрий Бродский
353	2	Исаму Акасаки Хироси Амано
354	2	Гуденафа
355	2	Филиппа
356	2	Шринивасан
357	2	Уильямом
358	2	Утрехтского
359	2	Маастрихтского
360	2	Стивеном Хокингом
361	2	Джордж Куэто
362	2	Мэри Швейцер
363	2	Окли
364	2	Мариана
365	2	Богачев
366	2	Ноэль
367	2	Джейн Уилкинс
368	2	Торонтского
369	2	Коннектикута
370	2	Хуана Малдасены
371	2	Флеминг
372	2	Тимоти
373	2	Оттавы
374	2	Стивен
375	2	Понтус Скоглунд
376	2	Дерек
377	2	Сергей
378	2	Белфаста
379	2	Эммы Шеррат
380	2	Ланкашира
381	2	Гэри Путерка
382	2	Балдомеро Оливера
383	2	Уолтер Чинкель
384	2	Норберт Юргенс
385	2	Беата Уйвари
386	2	Пантелеев
387	2	Мэтью Моррис
388	2	Хопкинса
389	2	Шульца
390	2	Масато Йосидзава
391	2	Телеканал
392	2	Демет
393	2	Терри
394	2	Фицуильяма
395	2	Симона Йертс
396	2	Коэном
397	2	Алан
398	2	Армен Мулкиджанян
399	2	Кэмпбелл
400	2	Гаджет
401	2	Мухаметов
402	2	Уэбба
403	2	Шампалимо
404	2	Томас Эдисон
405	2	Аляска
406	2	Ренкин
407	2	Питер Вет
408	2	Эссена
409	2	Артур Макдональд
410	2	Коммерсантъ
411	2	Кеплера
412	2	Сапфо
413	2	Шарп
414	2	Эмери
415	2	Петерсон
416	2	Кеннет
417	2	Массимо Делла Валле
418	2	Соваж
419	2	Шарон
420	2	Павла Певзнера
421	2	Стюарт
422	2	Флетчера
423	2	Джайна
424	2	Бойко
425	2	Шеннон
426	2	Армата
427	2	Лафборо
428	2	Абердинского
429	2	Элеонор Пауэр
430	2	Мицуо Кавато
431	2	Хендрика Пойнара
432	2	Брайан
433	2	Янник Рид
434	2	Бубакара
435	2	Расницын
436	2	Емельянова
437	2	Хейке
438	2	Джейсон Вонг
439	2	Рюли
440	2	Емельянов
441	2	Беспилотники
442	2	Лоренцо Йорио
443	2	Кэ Цзе
444	2	Нобелевский
445	2	Самуэлем Ганеманом
446	2	Боеприпас
447	2	Шехтман
448	2	Мирзахани
449	2	Львовского
450	2	Лорен Симкинс
451	2	Бондарев
452	2	Николя Вюинье
453	2	Рукавишниковой
454	2	Роберт Вебстер
455	2	Корнелльского
456	2	Айзека Сильвера
457	2	Юю
458	2	Бена Феринги
459	2	Мультиплексор
460	2	Мэтт Тейлор
461	2	Невады
462	2	Клещин
463	2	Принстонского
464	2	Жан
465	2	Орлова
466	2	Харрисон
467	2	Чилла Ари
468	2	Гиппократ
469	2	Кальбаум
470	2	Крепелин
471	2	Джероламо Кардано
472	2	Майком
473	2	Бибиана Рохас
474	2	Альберты
475	2	Зияд
476	2	Кли
477	2	Коллаборация
478	2	Эболы
479	2	Маастрихта
480	2	Анжела Сиригу
481	2	Мишель Гийон
482	2	Теренс Тао
483	2	Стивенс
484	2	Харрис
485	2	Эндрю Уэйкфилда
486	2	Бэйлоровского
487	2	Фолкенхэм
488	2	Питера Бенчли
489	2	Куин Элизабет
490	2	Закари Ховард
491	2	Геродот
492	2	Уайтуорс
493	2	Сингха
494	2	Циолковский
495	2	Роберт Годдард
496	2	Грутцнер
497	2	Перри
498	2	Гетти
499	2	Аннет Маклауд
500	2	Бьярмар Аталстейнссон
501	2	Сьюза
502	2	Павел
503	2	Бергер
504	2	Джеймса Батлера
505	2	Левин
506	2	Мантуров
507	2	Алексеева
508	2	Синъити Мотидзуки
509	2	Остин
510	2	Бассинг
511	2	Грин
512	2	Рене Хеллер
513	2	Хаддерсфилда
514	2	Хосе Вакеро
515	2	Попова
516	2	Хилл
517	2	Эванса
518	2	Трахтенберг
519	2	Масахиро
520	2	Саудовской Аравии
521	2	Питер
522	2	Артемия Лебедева
523	2	Майк Роджерс
524	2	Лебедева
525	2	Когоро Курата
526	2	Многие
527	2	Новгороде
528	2	Синъя Яманака
529	2	Тюбингена
530	2	Юрий Ковалев
531	2	Конев
532	2	Андреа
533	2	Дикина
534	2	Паркера
535	2	Элизабет Блекберн Кэрол
536	2	Джек Шостак
537	2	Хозин
538	2	Нэш
539	2	Гиппиуса
540	2	Телекомпания
541	2	Феликс
542	2	Данте Миннити
543	2	Маккейн
544	2	Дэвид Юм
545	2	Уралвагонзавод
546	2	Руси
547	2	Дроны
548	2	Рокфеллера
549	2	Бостонского
550	2	Эмра Дюзель
551	2	Микель Дельгадо
552	2	Штуттгарта
553	2	Филд
554	2	Рэй Мабус
555	2	Росселли Дель Турко
556	2	Роскосмосе
557	2	Марраффини
558	2	Макгинн
559	2	Квазичастицами
560	2	Эрик Бернхардссон
561	2	Ричард Феннесси
562	2	Куинсленда
563	2	Судзуми Тонегавы
564	2	Мосс
565	2	Биопленка
566	2	Юрий Мильнер
567	2	Скоков
568	2	Британия
569	2	Энтони
570	2	Джеймсом
571	2	Николай
572	2	Моники
573	2	Грек
574	2	Дартмутского
575	2	Листон
576	2	Эрнста Берджесса
577	2	Цинциннати
578	2	Софи Верхейден
579	2	Илона
580	2	Доннелла
581	2	Джейсона
582	2	Вернером Крюгером
583	2	Мультикоптер
584	2	Хуана
585	2	Салли Дэвис
586	2	Ивановой
587	2	Роше
588	2	Джесси
589	2	Комаров
590	2	Ван Гог
591	2	Стивена Ясински
592	2	Луизианы
593	2	Псевдоспутниками
594	2	Больцано
595	2	Моника Уорд
596	2	Эяль
597	2	Сенека
598	2	Ричард Оуэн
599	2	Назим Сабури
600	2	Кларк
601	2	Стефано Лоренцини
602	2	Лурия
603	2	Несс
604	2	Дастин Ланг
605	2	Джека Хорнера
606	2	Ангус
607	2	Дэвидсон
608	2	Рокфеллеровского
609	2	Полсона
610	2	Кендрю
611	2	Сбербанк
612	2	Харанги
613	2	Арсений Акопян
614	2	Московий
615	2	Майер
616	2	Федор
617	2	Умео
618	2	Гущин
619	2	Денвере
620	2	Кэмпбелла
621	2	Хольгер Зиркс
622	2	Зересенай Алемсегед
623	2	Сергей Кавтарадзе
624	2	Бестер
625	2	Белл
626	2	Фрицем Вернером
627	2	Джоди Раули
628	2	Часто
629	2	Обамы
630	2	Мигель Николелис
631	2	Ален Мауэр
632	2	Шмидт
633	2	Филипа Дика
634	2	Мотоко Бато
635	2	Ричард Ленски
636	2	Цицерон
637	2	Висса
638	2	Московского
639	2	Эрик Бетциг
640	2	Океанос
641	2	Эйлат
642	2	Алабама
643	2	Шпела Горицки
644	2	Евросоюз
645	2	Игорь
646	2	Эми
647	2	Петр Трачик
648	2	Мердока
649	2	Радиоастрон
650	2	Черч
651	2	Винглеты
652	2	Ульянцев
653	2	Олег
654	2	Дэн Грор
655	2	Винсент
656	2	Зарайский
657	2	Кузнецов
658	2	Есинори Осуми
659	2	Фемарн
660	2	Кашел
661	2	Хейдена Тайсон
662	2	Иоганна Гутенберга
663	2	Ноам Браун
664	2	Джефферсон
665	2	Поуп
666	2	Питер Шульц
667	2	Левенгуку
668	2	Эмилем Ганьяном
669	2	Хенди
670	2	Дрейпера
671	2	Крамера
672	2	Гроховский
673	2	Джоди Мэгнесс
674	2	Юма
675	2	Лаврентий
676	2	Эльма
677	2	Федоров
678	2	Алан Стерн
679	2	Карла Дизерота
680	2	Брайен
681	2	Универститета
682	2	Бродский
683	2	Сергея Шейко
684	2	Ломоносова
685	2	Щербаков
686	2	Роберт Гесс
687	2	Кэтлин Богарт
688	2	Майкл Даймонд
689	2	Петр Шульга
690	2	Митинори Саито
691	2	Шибитов
692	2	Крис
693	2	Питер Мэнсфилд
694	2	Сэндвик
695	2	Эрик Бирли
696	2	Флэйк
697	2	Фоли
698	2	Технодинамика
699	2	Кондрашев
700	2	Дега
701	2	Дюга
702	2	Иоахим
703	2	Табакаев
704	2	Винчи
705	2	Армсон
706	2	Фактум
707	2	Микеланджело
708	2	Оулу
709	2	Виндоланды
710	2	Гадури
711	2	Модельски
712	2	Мэтт Свортаут
713	2	Альберта Эйнштейна
714	2	Луиза Шофилд
715	2	Дэвидом Талботом
716	2	Нолан Мур
717	2	Флавий
718	2	Ричардса
719	2	Гасторнис
720	2	Гастона Планте
721	2	Гарри
722	2	Монтень
723	2	Десолти
724	1	Джеймс Коул
725	1	Оскар Ван Девентер
726	1	Ван Девентера
727	1	Жилин
728	1	Жилина
729	1	Дора Биро
730	1	Такао Сасаки
731	1	Джулиана Хаксли
732	1	Гарри Уитерби
733	1	Алун Морган
734	1	Якобсон
735	1	Альфред Вегенер
736	1	Мартин Кординер
737	1	Вирион
738	1	Бартлетт
739	1	Аверьянов
740	1	Карен Саркисян
741	1	Тамар Макин
742	1	Киккерт
743	1	Хироки
744	1	Хироки Сайто
745	1	Эрика Утси
746	1	Янив Эрлих
747	1	Макфи
748	1	Зазула
749	1	Карлом Руппертом
750	1	Денисоном
751	1	Херст
752	1	Фушье
753	1	Стельцнер
754	1	Тима Гоуэрса
755	1	Джерри Ки
756	1	Файнстайна
757	1	Эллен Стофан
758	1	Якоб
759	1	Майкл Холмс
760	1	Дредз
761	1	Макодо Одамаки
762	1	Дэвид Линденмайер
763	1	Бен
764	1	Линденмайер
765	1	Ричарда Бейтмана
766	1	Вакар Малевич
767	1	Мэтью Дэвиса
768	1	Миннесоте
769	1	Натали Госнелл
770	1	Скандалы-Интриги-Расследования
771	1	Мэтью Люси
772	1	Чи Нань
773	1	Эриху Клару
774	1	Рандольфа Менцеля
775	1	Дэвид Ормерод
776	1	Ричард Тальберт
777	1	Суррейского
778	1	Себастьян Номад
779	1	Себастьяна Номада
780	1	Норберт Глейхер
781	1	Мишелем
782	1	Белла
783	1	Синьцзяна
784	1	Эстен
785	1	Пеннингтон
786	1	Гленн Таттерсалл
787	1	Хайрем
788	1	Изабель Абади
789	1	Мюонный
790	1	Жерар Бомгар
791	1	Майера
792	1	Харольд Крото
793	1	Марек Бачинский
794	1	Сэма Коссмана
795	1	Экструдер
796	1	Мирко Малеза
797	1	Грэма Рейнольдса
798	1	Джо Барнетт
799	1	Хомутова
800	1	Демокрит
801	1	Оливье Хэнотт
802	1	Оливье Хэннота
803	1	Ричарда Брэнсона
804	1	Джорджией Уилер
805	1	Тейлор
806	1	Канадзавы
807	1	Такеси Оиси
808	1	Палеосейсмологи
809	1	Эшли Шарп
810	1	Хортона
811	1	Дениэла Лопеза
812	1	Львовский
813	1	Франческо Мартини
814	1	Цайлингера
815	1	Натаном Интратором
816	1	Карно
817	1	Гленн Ортон
818	1	Гималаях
819	1	Вермонтского
820	1	Вилмот
821	1	Лонгобарди
822	1	Альфреда Уоллеса
823	1	Павла Никольского
824	1	Флавий Улиад
825	1	Аполлония Афродисийского Карика
826	1	Киард
827	1	Рутом Итзаки
828	1	Делфтакоптер
829	1	Саратовского
830	1	Черча
831	1	Дэвида Череша
832	1	Ву
833	1	Дэвид Грубер
834	1	Ресифе
835	1	Лусии Феррейры
836	1	Дэвида Ына
837	1	Штучкин
838	1	Эндрю Маршалл
839	1	Людвигом Больцманом
840	1	Алан Драйздейл
841	1	Джейсона Миллера
842	1	Скотта
843	1	Клэя
844	1	Макс Кнолль
845	1	Эрнст Руска
846	1	Тусон
847	1	Япета
848	1	Ип
849	1	Ренна
850	1	Кристин
851	1	Робертом Макнотом
852	1	Брайан Вуд
853	1	Дэвид Уоттс
854	1	Зооархеологи
855	1	Джеки Фахрити
856	1	Федерико Кантини
857	1	Веттий Агорий Претекстат
858	1	Иероним
859	1	Френсис Рекс Паррингтон
860	1	Джессика Петерсон
861	1	Парто Гош
862	1	Дэнни Чена
863	1	Тед Молчжан
864	1	Навин
865	1	Нейробиологи
866	1	Майкл Янг
867	1	Тэд Траскот
868	1	Барнс Уоллес
869	1	Наталья Стойнова
870	1	К. И. Казенин
871	1	С. Г. Татесовов
872	1	Джаффи
873	1	Презо
874	1	Медникова
875	1	Медниковой
876	1	Реми Луф
877	1	Бартелеми
878	1	Соболевым
879	1	Высокоточный Поляриметрический
880	1	Пастера
881	1	Тэкаясу Сэкурая
882	1	Такао Сомея
883	1	Сомея
884	1	Ральф Гримм
885	1	Гримм
886	1	Брюсем Сондерсом
887	1	Женевского
888	1	Мишеля Милинковича
889	1	Смирнов
890	1	Ник Мур
891	1	Игни Агнарссона
892	1	Стэплтон
893	1	Мосфильмовской
894	1	Христиан
895	1	Гюйгенс
896	1	Регалицератопс
897	1	Мергарха
898	1	Ван
899	1	Вилайянур Рамачандран
900	1	Питера Вицгалля
901	1	Станислав
902	1	Апостолос Кристу
903	1	Камулодун
904	1	Вильгельма
905	1	Вольфганга Тремеля
906	1	Денисов
907	1	Келлен Паркер
908	1	Стив Хансен
909	1	Метье Хермонпре
910	1	Хермонпре
911	1	Этионамид
912	1	Шаманов
913	1	Сергея Слепченко
914	1	Натальи Федоровой
915	1	Сантьяго Уседа
916	1	Гиннесса
917	1	Хуан
918	1	Масуда Хусейна
919	1	Джеральд Майр
920	1	Таулес
921	1	Холдейн
922	1	Дейва Беннетта
923	1	Теннесси Доуни Стедман
924	1	Дмитрия Родичева
925	1	Сэм Барретт
926	1	Кентерберийских
927	1	Барретта
928	1	Маргарет Гибсон
929	1	Вольфа
930	1	Клаудио Рихтер
931	1	Альтаир
932	1	Уильям
933	1	Джошуа Сэмюэлс
934	1	Левицки
935	1	Эмма Тилинг
936	1	Дэннис Хьюз
937	1	Московской Руси
938	1	Сенгера
939	1	Рэнди Глэдстоун Джеффри Мур
940	1	Френ Бегинел
941	1	Перистери
942	1	Макгуран
943	1	Метаматериал
944	1	Дж. Р.
945	1	Атула Прадхана
946	1	Салли
947	1	Михаэла Павличев
948	1	Гюнтер Вагнер
949	1	Вагнер
950	1	Павличева
951	1	Хидеки Танимура
952	1	Гюнтер Тайссен
953	1	Харцхорне
954	1	Михаэль Майер
955	1	Мейер
956	1	Уорикского
957	1	Клар
958	1	Филип Мориарти
959	1	Петра Каменского
960	1	Леонова
961	1	Драгутин
962	1	Дэвид Фрейер
963	1	Гульбенкяна
964	1	Пьетр Эббил
965	1	Рэми Берстайн
966	1	Ладислав Нейман
967	1	Нейман
968	1	Сеймер Алдаер
969	1	Красавина
970	1	Мэйфлауэре
971	1	Шапиро
972	1	Дубынина
973	1	Роберт Рейвен
974	1	Тибетцы
975	1	Нина
976	1	Мартин Уиттинг
977	1	Скотт Персонс
978	1	Иларио Чи Кануль
979	1	Бруно Каркамо
980	1	Мирослав Барта
981	1	Томас Стоун
982	1	Князев
983	1	Дмитрия Зимина
984	1	Зорин
985	1	Динца
986	1	Баюк
987	1	Фрэнк Дональд Дрейк
988	1	Софья Сугачевская
989	1	Майкл
990	1	Майкл Браун Дэвид Рабиновиц
991	1	Веделер
992	1	Лоуренсовского
993	1	Кети Никен
994	1	Невадского
995	1	Карл Гегенбаур
996	1	Кэирнс
997	1	Юрий Чернов
998	1	Нагойского
999	1	Ахмад Рафсанджани
1000	1	Технодинамика Николенко
1001	1	Артемий Арциховский
1002	1	Оккатора
1003	1	Оливера Брока
1004	1	Ниппон
1005	1	Франциско
1006	1	Муранов
1007	1	Устинова
1008	1	Молодой
1009	1	Лунц
1010	1	Ци Ван
1011	1	Риформинг
1012	1	Мими Тан
1013	1	Порфири
1014	1	Джорджа Питри
1015	1	Дэвид Кларк
1016	1	Хьюго
1017	1	Вернон Бейли
1018	1	Бенедетто Стрампелли
1019	1	Альфред
1020	1	Майкл Тифт
1021	1	Полимер
1022	1	Зак Тутт
1023	1	Тутт
1024	1	Соловьев
1025	1	Темпест
1026	1	Питера Клаэса
1027	1	Отаго
1028	1	Малколма Сирза
1029	1	Дэвид Ротшильд
1030	1	Ротшильда
1031	1	Антклиффа
1032	1	Митчелл
1033	1	Бернетт
1034	1	Инами Хияма
1035	1	Уинтроп Келлог
1036	1	Носов
1037	1	Носова
1038	1	Свен Закс
1039	1	Щейман
1040	1	Дрю Харвелл
1041	1	Джоли Лэмб
1042	1	Джорджа Котсарелиса
1043	1	Хеннингом Педерсеном
1044	1	Хью Толлер
1045	1	Брюн Гетин
1046	1	Денель
1047	1	Оллинга
1048	1	Мишель Милинкович
1049	1	Николя
1050	1	Хирша
1051	1	Веджибургер
1052	1	Каренца Льюис
1053	1	Льюис
1054	1	Скотт
1055	1	Карла Пирсона
1056	1	Уэйн Хэммонд
1057	1	Аммониты
1058	1	Мурали
1059	1	Тулуба
1060	1	Расмус
1061	1	Расмуса Нильсена
1062	1	Дэвид Фрейдель
1063	1	Артур Файн
1064	1	Ф. Г. Добжанский
1065	1	Итана
1066	1	Зигеля
1067	1	Федором Заверняевым
1068	1	Малькольма Самбриджа
1069	1	Марина
1070	1	Олег Толстихин
1071	1	Рассел Гарвуд
1072	1	Московский
1073	1	Эндрю Уайлс
1074	1	Абелевской
1075	1	Нильса Хенрика Абеля
1076	1	Элизабет Данн
1077	1	Хорасом Татлом Туттлем
1078	1	Стивена Гулда
1079	1	Паркинсона
1080	1	Ролло Мэй
1081	1	Лионель Тайгер
1082	1	Фрэнсис Кусинотта
1083	1	Реджиналд Иннес Покок
1084	1	Глюка
1085	1	Филиппом Гоше
1086	1	Кельнского Техасского
1087	1	Уилфрида Лорье
1088	1	Крис Карилли
1089	1	Стокса
1090	1	Джеффри Уильямс
1091	1	Камю
1092	1	Сварупа
1093	1	Рафаэлла Бьянуччи
1094	1	Адреас Нерлих
1095	1	Шмуэль
1096	1	Ицхак
1097	1	Агладзе
1098	1	Лундского
1099	1	Эндрю Розенберг
1100	1	Якобса
1101	1	Сю Гоцян
1102	1	Олег Сийдра
1103	1	Вандепут
1104	1	Роберта Келли
1105	1	Уиллардом Либби
1106	1	Эдвард Блит
1107	1	Джузеппе Пиацци
1108	1	Наноиглы
1109	1	Цань
1110	1	Циньхуа
1111	1	Винсаном Перришо
1112	1	Влад
1113	1	Вивеком Венкатараманом
1114	1	Джанис Чень
1115	1	Диего
1116	1	Терри Пауэр
1117	1	Ребекка Бенефиль
1118	1	Росэлектроника
1119	1	Николас Ривз
1120	1	Сяо Сяо
1121	1	Хироси Исии
1122	1	Ангус Дэвисон
1123	1	Адель Гриндон
1124	1	Софи Харрисон
1125	1	Цзи Сюэпин
1126	1	Даррен Карноу
1127	1	Дэниэл Суслак
1128	1	Мануэль Сеговия
1129	1	Квинслендского
1130	1	Зайцева
1131	1	Кендрик Уайт
1132	1	Дженга
1133	1	Лаура Круз
1134	1	Гаджеты
1135	1	Дэниел Эдвардс
1136	1	Венсана Франсиньи
1137	1	Уэйна
1138	1	Суонси
1139	1	Ахмеда
1140	1	Нордслеттен
1141	1	Мильнер
1142	1	Т-Лимфоциты
1143	1	Уильям Лиддиард
1144	1	Бенгтом Илоном
1145	1	Калтеха Майкл Браун
1146	1	Мейер Фортес
1147	1	Бронислав Малиновский Бронислав Малиновский
1148	1	Брайан Хейден
1149	1	Кертин
1150	1	Дитер Михаэль
1151	1	Хендриксен
1152	1	Нижнеудинска
1153	1	Демьянец
1154	1	Садовничий
1155	1	Садовничего
1156	1	Мунитта Мутана
1157	1	Нижнекамска
1158	1	Дисмас Матовело
1159	1	Нанди Нгвалида
1160	1	Рослесхоз
1161	1	Еврипид
1162	1	Геркая
1163	1	Энцелад
1164	1	Игорь Агамирзян
1165	1	Симона
1166	1	Сульпицио
1167	1	Изабель
1168	1	Луиза Хамфри
1169	1	Воса
1170	1	Дэвида Воса
1171	1	Флоуминдер
1172	1	Седов
1173	1	Астаксантин
1174	1	Прозака
1175	1	Марра
1176	1	Говардом
1177	1	Роберт Бонд
1178	1	Бонд
1179	1	Ожиганова
1180	1	Станислав Дробышевский
1181	1	Сяочу Чжана
1182	1	Белфасте
1183	1	Сергея Савельева
1184	1	Кесария
1185	1	Робот-Хирург
1186	1	Питера Глура
1187	1	Брюс Шпигельман
1188	1	Роспечати Сеславинский
1189	1	Ван Хутан
1190	1	Джек Барнс
1191	1	Кисингом
1192	1	Кристофера Киба
1193	1	Пенсильвании Вермонта
1194	1	Уайслера
1195	1	Велихов
1196	1	Стивен Бэлбас
1197	1	Хоули
1198	1	Фрэнка Стефани
1199	1	Стефани
1200	1	Марианна Стрикродт
1201	1	Микророботы
1202	1	Элиас Айфантис
1203	1	Кристин Маккарти
1204	1	Стивена Хокинга
1205	1	Яков Шарвит
1206	1	Авраам Гершко Ирвин Роуз
1207	1	Аарон Цихановер
1208	1	Анри Дебейонем
1209	1	Нимоя
1210	1	Каркемыше
1211	1	Николо Маркетти
1212	1	Ивуара
1213	1	Эрнана
1214	1	Мерсенн
1215	1	Сэмми
1216	1	Скандинавы
1217	1	Виргинии Джулия
1218	1	Батый
1219	1	Пуру Джена
1220	1	Кристен Стюарт
1221	1	Томас Мартин
1222	1	Фукусимского
1223	1	Петер Рабл
1224	1	Луи Пастер
1225	1	Тринити-Колледжа
1226	1	Дублине
1227	1	Сидорова
1228	1	Ухань
1229	1	Нью Адин Флинкер
1230	1	Шерри Нельсон
1231	1	Серж
1232	1	Сильвен Трудль
1233	1	Бардин
1234	1	Эммы Лундберг
1235	1	Луизианны
1236	1	Тейей
1237	1	Фрайбурга
1238	1	Сью Блэк
1239	1	Сергея Шлеева
1240	1	Клементины Хантер
1241	1	Уильямом Фрэнсисом Граймсом
1242	1	Одри Уильямсом
1243	1	Томас Стритер
1244	1	Лотто
1245	1	Пурвса
1246	1	Хартмута Невена
1247	1	Руссо
1248	1	Голландии
1249	1	Клавдий
1250	1	Арадам
1251	1	Теодор
1252	1	Давида
1253	1	Альдебаран
1254	1	Алена Козлова Николай Михайлов
1255	1	Млечина
1256	1	Инесса Григалюнене
1257	1	Наталья Зазулина
1258	1	Семенов
1259	1	Штейнер
1260	1	Грег Вудс
1261	1	Алекс Крисс
1262	1	Черезова
1263	1	Черезов
1264	1	Аляске
1265	1	Бертольд Лауфер
1266	1	Мэттью Фриманом
1267	1	Осипова
1268	1	Гордона Белла
1269	1	Щербак
1270	1	Мартина Вегенера
1271	1	Энстид
1272	1	Баттерхэм
1273	1	Эксетерского
1274	1	Крис Бох
1275	1	Ричард Макэльрит
1276	1	Кентукки Чанго Чжаня
1277	1	Стаббс
1278	1	Кристофер Стаббс
1279	1	Кристин Хоукс
1280	1	Хоукс
1281	1	Трунин
1282	1	Остия
1283	1	Сюй Син
1284	1	Рида
1285	1	Юнион
1286	1	Росгарде
1287	1	Джозеф Меерт
1288	1	Скандинавии
1289	1	Васкес
1290	1	Саймона Фрейзера
1291	1	Колларда
1292	1	Минсельхоза Ткачев
1293	1	Лимфоциты
1294	1	Элизабет Пенниси
1295	1	Джо Кин
1296	1	Свинаренко
1297	1	Георгом Стеллером
1298	1	Коулмана
1299	1	Конора Уолша
1300	1	Туринского
1301	1	Мелани Сейлер
1302	1	Сорбонны
1303	1	Кавли
1304	1	Аланом Гутом
1305	1	Оганова
1306	1	Сянфеном Чжоу
1307	1	Ларри Пейдж
1308	1	Ньюкасл
1309	1	Эрнест Лауэ
1310	1	Демианом Чапманом
1311	1	Ахмед Шафик
1312	1	Меллы
1313	1	Элизабет Хиллман
1314	1	Робочасы
1315	1	Йохан Линдгрен
1316	1	Рамирес
1317	1	Элбакян
1318	1	Айзенберг
1319	1	Николас Конрад
1320	1	Хэфэй
1321	1	Кронин
1322	1	Говардом Ласником
1323	1	Джонсон
1324	1	Амхерсте
1325	1	Хемиш
1326	1	Марлен Зук
1327	1	Хэмиша
1328	1	Светланы Купцовой
1329	1	Купцовой
1330	1	Таши
1331	1	Рауль Кано
1332	1	Красновато-Коричневые
1333	1	Софи
1334	1	Шоном Карлсоном
1335	1	Трэвиса Олдса
1336	1	Леесит
1337	1	Эльсе Роэсдаль
1338	1	Эрнст Сидсинг
1339	1	Тан
1340	1	Чикагского
1341	1	Ричард Уокер
1342	1	Рагвендра Сахай
1343	1	Эрика Такер
1344	1	Иннополис
1345	1	Госдумы
1346	1	Мясищева
1347	1	Акселя Янке
1348	1	Янке
1349	1	Тобиас
1350	1	Эджкомба Джордж Беккалони
1351	1	Кристина Даффи
1352	1	Даффи
1353	1	Андраша
1354	1	Джесси Миллек
1355	1	Лисабет Гудмундсдоттир
1356	1	Кэри Лойолы
1357	1	Кларксон Нью
1358	1	Биддер
1359	1	Тиба
1360	1	Варшавского
1361	1	Симобаба
1362	1	Южнокорейский
1363	1	Муна
1364	1	Кванг Во-Сук
1365	1	Казунари Тайра
1366	1	Мэрси Рэфке
1367	1	Сергеевича Жукова
1368	1	Фани Кукули
1369	1	Корнелии
1370	1	Строматы
1371	1	Оклахомы
1372	1	Роберта
1373	1	Рюудзи Морисимы
1374	1	Эрелла Ховерс
1375	1	Дэвид Мелтцер
1376	1	Кристиана
1377	1	Солл Прайс
1378	1	Посидонием
1379	1	Сара Дюран
1380	1	Дюран
1381	1	Заки
1382	1	Твиттера
1383	1	Бернард Гренфелл
1384	1	Артур Хант
1385	1	Алкидамант
1386	1	Джеймс Дженсоу
1387	1	Эрве Бошран
1388	1	Гойе
1389	1	Стефана Уламека
1390	1	Калтеха Маклу Брауну
1391	1	Батыгину
1392	1	Стэнфорде
1393	1	Митохондрии
1394	1	Карлова
1395	1	Мартина Экерманна
1396	1	Нью-Йоркского
1397	1	Качнер
1398	1	Годдарда
1399	1	Звягина
1400	1	Крис Томас
1401	1	Витрувий
1402	1	Скосырев
1403	1	Татьяна
1404	1	Татьяны
1405	1	Гийем Англада
1406	1	Кристоф Гербер
1407	1	Джошуа Пеппер
1408	1	Килского
1409	1	Полли Шаафсма
1410	1	Фрэнсис Барнс
1411	1	Маском
1412	1	Саймон Мэйс
1413	1	Эстер Кларк
1414	1	Такаси Йоко
1415	1	Стеффенсен
1416	1	Юлиус Нильсен
1417	1	Кристен Хоукс
1418	1	Ажита Чаудари
1419	1	Лихайского
1420	1	Молчанов
1421	1	Яны Корниенко
1422	1	Нагойи
1423	1	Чжао Цзюнь
1424	1	Дэвид Офисер
1425	1	Каустубх Адхикари
1426	1	Лоран Бернадак
1427	1	Маркусом Хорвитцом
1428	1	Элизабет Конгдон
1429	1	Конгдон
1430	1	Ральф
1431	1	Карл Мюррей
1432	1	Сакара
1433	1	Осыко
1434	1	Яна Цзя
1435	1	Пейнс
1436	1	Саволайнен
1437	1	Павсания
1438	1	Патрик Маркей
1439	1	Эльзон
1440	1	Томоса Проффитта
1441	1	Хубермана
1442	1	Менхивар
1443	1	Хулио Сезар Риегос
1444	1	Анхелес Гранадос
1445	1	Фредерик Снайдер
1446	1	Бригама Янга
1447	1	Эндонуклеазы
1448	1	Рейснер
1449	1	Т-Клетки
1450	1	Ковалев
1451	1	Ищенко
1452	1	Колина
1453	1	Ребен
1454	1	Элизабет Белл
1455	1	Бохума
1456	1	Карл Галински
1457	1	Галински
1458	1	Эрик Хобсбаум
1459	1	Лириды
1460	1	Вэйсин Лю
1461	1	Минъи Тянь
1462	1	Яксли
1463	1	Симона Йетч
1464	1	Таитяне
1465	1	Наньфана Юя
1466	1	Веселина Костова
1467	1	Килиана Зингера
1468	1	Филипа Корлетта
1469	1	Старостина
1470	1	Джозефом Гринбергом
1471	1	В. М. Иллич-Свитыч
1472	1	Морис Сводеш
1473	1	Стангтей Ким
1474	1	Говард Бреннер
1475	1	Брюсом Менге
1476	1	Ховерборд Марти Макфлая Канадец Каталин
1477	1	Клаэс
1478	1	Третьякова
1479	1	Алекс Йодер
1480	1	Еврокомиссии
1481	1	Дастин Лэнг
1482	1	Дорошкевичем
1483	1	Дэвид Смит
1484	1	Зоуи Даблдей
1485	1	Мишель Марешаль
1486	1	Йона
1487	1	Руслана Беликова
1488	1	Джим Грин
1489	1	Тоситака Судзуки
1490	1	Сакураи
1491	1	Пауля
1492	1	Анне Остин
1493	1	Жилище
1494	1	Ольга Эдельман
1495	1	Миронов
1496	1	Стефании Вернер
1497	1	Отторино
1498	1	Робин Нивер
1499	1	Сенсор
1500	1	Фронимос
1501	1	Лина
1502	1	Юдзи Икегайя
1503	1	Грегер Ларсон
1504	1	Нестерова
1505	1	Сергей Каракаев
1506	1	Ренн
1507	1	Городецкий
1508	1	Микросферы
1509	1	Городецкого
1510	1	Томас
1511	1	Зевенбергена
1512	1	Бетти Даймонд
1513	1	Джозефа Олтмана
1514	1	Костас Сисманидис
1515	1	Аристотель
1516	1	Рекс Уоллес
1517	1	Ларри Бернса
1518	1	Лазарева
1519	1	Тата
1520	1	Грэму Викерсу
1521	1	Туко-Туко Йейтса
1522	1	Йейтса
1523	1	Энрике
1524	1	Эрики Куэльяр
1525	1	Фенимором Купером
1526	1	Северусу Снейпу
1527	1	Густаву Полэю
1528	1	Петеру Ыну
1529	1	Хосе Мендосой
1530	1	Северусе Снейпе
1531	1	Омникоптер
1532	1	Депутат-Лейборист Эндрю Миллер
1533	1	Джим Шеннон
1534	1	Васэда
1535	1	Майкл Брукс
1536	1	Крис Уормолд
1537	1	Марека
1538	1	Майкл Мумма
1539	1	Ботвиником
1540	1	Джеффри Уайатт
1541	1	Дэвид Тернер
1542	1	Тернер
1543	1	Флоор
1544	1	Техас
1545	1	Роуэн Локвуд
1546	1	Пагани
1547	1	Горгона
1548	1	Гордон
1549	1	Тони Скайрма
1550	1	Антиферромагнетики
1551	1	Дэйва
1552	1	Дэйв
1553	1	Тангароа
1554	1	Филиппа Хайтовича
1555	1	Нельсоном Глюком
1556	1	Эреца
1557	1	Патрик Фортер
1558	1	Давида Баракки
1559	1	Майкл Колдуэлл
1560	1	Митле
1561	1	Антонио Паолини
1562	1	Лебанон Вэлли
1563	1	Кристина Питерс
1564	1	Марианна
1565	1	Вечерницы
1566	1	Кайзерслаутерна
1567	1	Наонобу Нода
1568	1	Давид Лаццери
1569	1	Ивонн Миранда
1570	1	Кеннет Конг
1571	1	Шерил
1572	1	Даревский
1573	1	Дэвиса
1574	1	Чарльз Форсберг
1575	1	Бао
1576	1	Марсио
1577	1	Морганом
1578	1	Кэрол Джонстон
1579	1	Хуажонг
1580	1	Веббер
1581	1	Салим Альхабаш
1582	1	Кристофер Эванс
1583	1	Хоу
1584	1	Велосипед-Конструктор
1585	1	Сантос
1586	1	Сьюзан
1587	1	Жаботинский
1588	1	Универститета Дикина
1589	1	Райнера
1590	1	Исигуро
1591	1	Супердиффузия Леви
1592	1	Экспиру
1593	1	Гластонбери
1594	1	Николас Конард
1595	1	Эрнст Зайдль
1596	1	Мендес
1597	1	Спитцер
1598	1	Эммануэль Алалуф
1599	1	Сомик
1600	1	Мартинс
1601	1	Роберт Ренкин
1602	1	Кристиано
1603	1	Уолтера Амороса
1604	1	Брокбанк
1605	1	Папиташвили
1606	1	Кэтлин Кеньон
1607	1	Табита Бояджян
1608	1	Алессандро Фламмини
1609	1	Вет
1610	1	Дэвидом Наттом
1611	1	Аманда Филдинг
1612	1	Юрий Маслаковец
1613	1	Натаниэль Кларк
1614	1	Мартином Феклером
1615	1	Юдин
1616	1	Райнер Вайсс
1617	1	Сэмюэл Кумар Ахмед
1618	1	Гуаньин
1619	1	Марселино Санс
1620	1	Хоссфельд
1621	1	Голитко
1622	1	Рицумейкан
1623	1	Шандаров
1624	1	Аарон Робертс
1625	1	Робертсу
1626	1	Питтсбургского
1627	1	Филиппа Вонга
1628	1	Бен Ходжес
1629	1	Дэвид Роберт Гримс
1630	1	Макса Джеймс Фаупель
1631	1	Стивен Добсон
1632	1	Юньнань
1633	1	К. Н. Дикшит
1634	1	Б. Р.
1635	1	Согорин
1636	1	Карла Браун
1637	1	Данилович
1638	1	Тим
1639	1	Хасана Рухани
1640	1	Остерхольм
1641	1	Фионы
1642	1	Маршалл
1643	1	Фрэнк Вильчек
1644	1	Монро
1645	1	Задереева
1646	1	Санкт-Петербургского
1647	1	Дилана
1648	1	Йонас Фрисен
1649	1	Константинос Мелетис
1650	1	Ричарда Олдриджа
1651	1	Феоктист
1652	1	Будкера
1653	1	Аквилы
1654	1	Дэвид Робертсон
1655	1	Робертсон
1656	1	Интересно
1657	1	Грег Кронин
1658	1	Лабаран
1659	1	Бернар Карон
1660	1	Ята
1661	1	Бернард Феринга
1662	1	Джошуа Мендела
1663	1	Герман Эрлих
1664	1	Арканзаса
1665	1	Ашкелон
1666	1	Некоторым
1667	1	Аманды Бейтс
1668	1	Круглов
1669	1	Лэйдр
1670	1	Джека Дэвиса
1671	1	Кэрли Хауэтта
1672	1	Роджером Ласкеном
1673	1	Ротамстедской
1674	1	Йерган
1675	1	Раян Бойд
1676	1	Джеймс Пенбэйкер
1677	1	Шекспира Льюиса Теобальда
1678	1	Волоколамский Иларион
1679	1	Гарфинкелем
1680	1	Хани Хелала
1681	1	Майкл Харрис
1682	1	Карл Крамер
1683	1	Саундарараджана
1684	1	Оливера
1685	1	Цяолинь Дэн
1686	1	Леонарда Сасскинда
1687	1	Горманом
1688	1	Джавед Ахмед
1689	1	Аттенборо
1690	1	Магнуса Гольфалька
1691	1	Дзюннина Фудзивара-Но Накамаро
1692	1	Токийского
1693	1	Шарлотта Бойе Андерсен
1694	1	Лисбет Имер
1695	1	Оле Каппель
1696	1	Томас Миллер
1697	1	Нариман Баттулин Вениамин Фишман
1698	1	Мензоров
1699	1	Шахара Криспина
1700	1	Беркли Эндрю Семен
1701	1	Шимшон
1702	1	Торнберри
1703	1	Дегтярева
1704	1	Фрейзер Стоддард
1705	1	Феринга
1706	1	Адриан Гетц
1707	1	Педиатр-Онколог Малькольм Смит
1708	1	Коламбусе Тимоти Крип
1709	1	Кортни Хофман
1710	1	Дэвида Фильо
1711	1	Тодд Блэкледж
1712	1	Билл Сюн
1713	1	Блэкледж
1714	1	Сюн
1715	1	Тайваньского
1716	1	Флойда Ромсберга
1717	1	Ларса Эйнарссона
1718	1	Петер Саволайнен
1719	1	Уэйн
1720	1	Алехандро Гарсиа Рейди
1721	1	Эрика Штайнбринга
1722	1	Линдли Джонсон
1723	1	Тициана Розетто
1724	1	Воллингфорде
1725	1	Джессика Агарваль
1726	1	Джессика Аграваль
1727	1	Маратусе
1728	1	Вице-Президент Крис Пенроз
1729	1	Юркин
1730	1	Янбо
1731	1	Денни Чамберс
1732	1	Дерекс
1733	1	Роберт Бойд
1734	1	Губайловского
1735	1	Кардиффского
1736	1	Уайтсайд
1737	1	Кристиан Рене
1738	1	Иоаннис Йеропулос
1739	1	Йеропулос
1740	1	Найбэккен
1741	1	Хипса
1742	1	Ципфа
1743	1	Уильямом Бибом
1744	1	Жоау Зильхау
1745	1	Шанкар Чаттерджи
1746	1	Чаттерджи
1747	1	Эдриан Смит
1748	1	Коулман
1749	1	Дуйсбурга
1750	1	Алан Уилсон
1751	1	Уилсон
1752	1	Ракоскорпионы
1753	1	Дуайта Эйзенхауэра
1754	1	Трейлер
1755	1	Пивторайко
1756	1	Брендан Нимира
1757	1	Славомир Гурка
1758	1	Рауля Баррера
1759	1	Халед Набиль Осман
1760	1	Джош Мендес Харпер
1761	1	Мендес Харпер
1762	1	Конвертоплан
1763	1	Энигмы
1764	1	Яневичем
1765	1	Карелии
1766	1	Черчилль
1767	1	Ричарда Смита
1768	1	Андреас Тзакис
1769	1	Дэна Кларка Уиздом
1770	1	Федора
1771	1	Херберхольц Свержбинский
1772	1	Лазарчик
1773	1	Брюс Арчибальд
1774	1	Арчибальд
1775	1	Агриколой
1776	1	Луи Воклен
1777	1	Массачусетс
1778	1	Линдквист
1779	1	Рудольфом Минковски
1780	1	Стилл
1781	1	Амигдала
1782	1	Фриц Хабер
1783	1	Даниэль Носера
1784	1	Филипп Гайю
1785	1	Архимеду
1786	1	Костасу Котсанасу
1787	1	Герон
1788	1	Гефест
1789	1	Далласе
1790	1	Ахилл
1791	1	Хамди Мбареком
1792	1	Индианаполиса
1793	1	Йеспер Мадсен
1794	1	Хорхе Моралес
1795	1	Леа
1796	1	Флойд Ромсберг
1797	1	Вонг
1798	1	Пэт Шипман
1799	1	Марина Беньковская
1800	1	Борщевского
1801	1	Курт
1802	1	Хироки Обата
1803	1	Питера Хискока
1804	1	Хискок
1805	1	Чжэндао
1806	1	Ян Чжэньнин
1807	1	Зураба Силагадзе
1808	1	Хортоном Конвеем
1809	1	Ланьчжоу
1810	1	Рафаэль Арутюнян
1811	1	Келси
1812	1	Сеульской
1813	1	Кука
1814	1	Роландо Виго
1815	1	Роберта Годдарда
1816	1	Джозеф Полчински
1817	1	Полчински
1818	1	Городецкому
1819	1	Мартину Харту
1820	1	Фрица Штрака
1821	1	Забине Штеппер
1822	1	Питер Месарош
1823	1	Томас Карелл
1824	1	Мух-Береговушек
1825	1	Юэ Ляньцзянь
1826	1	Калифорнийсткого
1827	1	Жордан
1828	1	Магелланового
1829	1	Чикагкского
1830	1	Витватерсранда
1831	1	Уотерлу
1832	1	Майкла Варнума
1833	1	Аманды
1834	1	Кристофера Рама
1835	1	Тарасова
1836	1	Дэвид Гроссникль
1837	1	Деллаведовы
1838	1	Дарио Валенцано
1839	1	Юрия
1840	1	Ле
1841	1	Н. Е. Жуковского
1842	1	Радбауда
1843	1	Эверхарт
1844	1	Сурав Чодури
1845	1	Андреа Феррара
1846	1	Джанкарло Томэ Джанкарло
1847	1	Кирова
1848	1	Маркус
1849	1	Берндт Хуземанн
1850	1	Томасом Голдом
1851	1	Сергей Павлинич
1852	1	Джаячандрана Кижаккедатху
1853	1	Брюнеля
1854	1	Алан Уинг
1855	1	Роджер Померанц
1856	1	Селеноход
1857	1	Тетраэтилсвинец
1858	1	Жан Руш
1859	1	Эдгаром Мораном Жан Руш
1860	1	Берни Дегнан
1861	1	Дегнан
1862	1	Скотт Келли
1863	1	Пьером Мешеном
1864	1	Мессье
1865	1	Рен Ву
1866	1	Гомологами
1867	1	Адриан Флюкс
1868	1	Мэтью Бейлс
1869	1	Лоримером
1870	1	Хомбурге
1871	1	Никлиш
1872	1	Джейкобом Адамсом
1873	1	Калимантан
1874	1	Юй Ван
1875	1	Чжун
1876	1	Лаб
1877	1	Джорджа Мейсона
1878	1	Паттерсон
1879	1	Кристоф Адами
1880	1	Сингапурского
1881	1	Чжуньи
1882	1	Карлом
1883	1	Дэвида Меллиса
1884	1	Кэтрин Банни
1885	1	Банни
1886	1	Беркли Грегу Нимейеру
1887	1	Криса Урмсона
1888	1	Сара Ньюман
1889	1	Христофора Колумба Эрнандо
1890	1	Дэвид Гилдэй
1891	1	Майк Добсон
1892	1	Феликс Земдегс
1893	1	Манолисом Андроникосом
1894	1	Юджин
1895	1	Николас Хаммонд
1896	1	Арпадом Имре Эло
1897	1	Симкин
1898	1	Ройчоудхури
1899	1	Нельсона Манделы
1900	1	Амара Флуда
1901	1	Кэли Орр
1902	1	Петером Пфельцнером
1903	1	Пфельцнером
1904	1	Петера Пфельцнера
1905	1	Бетина Файст
1906	1	Крейга Вентера
1907	1	Крис Лиддел
1908	1	Вестмид
1909	1	Страбона
1910	1	Что-То
1911	1	Игоря
1912	1	Джеффри Таубенбергера
1913	1	Рипаном Малхи
1914	1	Якутенко
1915	1	Рональд Реббетс
1916	1	Мокрушин Блогер Мокрушин
1917	1	Юниус
1918	1	Кашина
1919	1	Эрес Леванон
1920	1	Илана
1921	1	Тайбер Тайбер
1922	1	Тайбер
1923	1	Федичкина
1924	1	Бари
1925	1	Гарольд
1926	1	Отт
1927	1	Томлинсон
1928	1	Баранов
1929	1	Уильям Кэмпбелл Сатоси Омура
1930	1	Омура
1931	1	Фреда Госманна
1932	1	Сэм Дэвис
1933	1	Сонар
1934	1	Неймегена
1935	1	Сильвиан Лодиот
1936	1	Баранидхаран Раман
1937	1	Рамана
1938	1	Шрикантх Сингаманени
1939	1	Уильям Кларк
1940	1	Николаев Николаевич
1941	1	Николаев
1942	1	Питер Соренсен
1943	1	Вольфганга Кеттерле
1944	1	Кшиштоф Якубяк
1945	1	Рюрика
1946	1	Мономаха
1947	1	Макивер
1948	1	Джеффри Хинтон
1949	1	Тоби Уолш
1950	1	Отаго Жасмин Хальберштадт
1951	1	Кан Кабадаи
1952	1	Матиас Осват
1953	1	Зинк
1954	1	Дэниелом Либерманом
1955	1	Никлас Фритцен
1956	1	Илари Сяяксьярви
1957	1	Жанет Лим
1958	1	Хуан Сюэшань
1959	1	Джорджа Мартина
1960	1	Дэвид Петерсон
1961	1	Светлана Венелинова
1962	1	Хазар Каба
1963	1	Чернецов
1964	1	Бокони
1965	1	Пьер
1966	1	Ханс Клеверс
1967	1	Альберто Барделли
1968	1	Субраманьян Чандрасекар
1969	1	Лежандром
1970	1	Джесси Дуглас
1971	1	Дженни Харрисон
1972	1	Элиота Фрида
1973	1	Брумма
1974	1	Устиновым
1975	1	Гордон Гэллап
1976	1	Вайнио
1977	1	Гарсиа Санчес
1978	1	Джерома Сигела
1979	1	Эмма Верстиг
1980	1	Ходсон
1981	1	Стюарт Блэк
1982	1	Лапен
1983	1	Джулиан Джейнс
1984	1	Альфред Лоренцер
1985	1	Эскироль
1986	1	Морель
1987	1	Блейлер
1988	1	Джей Джозеф
1989	1	Грегори Бейтсоном
1990	1	Эрнест Саузард
1991	1	Кэри Мюллис
1992	1	Роггеру Равинесу
1993	1	Равинес
1994	1	Гектор Вальде
1995	1	Урманцева
1996	1	Якова
1997	1	Метаматериалы
1998	1	Рейксмюзеума
1999	1	Лиотар
2000	1	Муромец
2001	1	Коэн Биннеманс
2002	1	Карлу Хальбирту
2003	1	Лухтанов
2004	1	Саутгемптонского
2005	1	Филда Тайрон Лавери
2006	1	Цан
2007	1	Чжан Ци Инь
2008	1	Хауса
2009	1	Дэвид Ричардсон
2010	1	Джаррода Ходжсона
2011	1	Булгаров
2012	1	Булгарова
2013	1	Стояна Смукова
2014	1	Черукури
2015	1	Аарона Кана
2016	1	Николай Овчаров Сложно
2017	1	Гаспара Фрутуосо
2018	1	Генрихом Фольмером
2019	1	Клейна
2020	1	Кристофер Роллстон
2021	1	Ронан
2022	1	Крисом Вентером
2023	1	Дрю Вайссман
2024	1	Дакота
2025	1	Берт Рутан
2026	1	Аризоне
2027	1	Сатерленде
2028	1	Василь Николов
2029	1	Малашичева
2030	1	Фрэнк Геко
2031	1	Акабы
2032	1	Джейкоб Лан
2033	1	Санприт Арора
2034	1	Качинского
2035	1	Герман Роршах
2036	1	Анкары Айкут Чираноглу
2037	1	Омюр Аккор
2038	1	Ллевелином Айвором Прайсом
2039	1	Абель Мендес
2040	1	Вояджер
2041	1	Галилео
2042	1	Равит Хеллед
2043	1	Хеллед
2044	1	Торстин Крейнс
2045	1	Игорем Таммом
2046	1	Этопозид
2047	1	Шпунтика
2048	1	Терасаки
2049	1	Луиджи
2050	1	Христофор Колумб
2051	1	Колумба
2052	1	Джозеф Макгир
2053	1	Кристофер Мартин
2054	1	Джо Патона
2055	1	Тьяго Монтейро
2056	1	Робертом Брумом
2057	1	Хасан Бахар
2058	1	Шаффа
2059	1	Ллойда
2060	1	Кюсю
2061	1	Мейв Сикора
2062	1	Жерома
2063	1	Хасана
2064	1	Фрэнсиса
2065	1	Давида Ливингстона
2066	1	Юнити Хируямы
2067	1	Федерико Капассо
2068	1	Харви Лиллиуайт
2069	1	Коджаэли Шенгюль Айдыгюн
2070	1	Вроцлаве
2071	1	Роджер Мэтьюз
2072	1	Маркос Эспиналь
2073	1	Новгородского
2074	1	Иннес Маккартни
2075	1	Жак Луоте
2076	1	Дэмиен Круз
2077	1	Эпиметей
2078	1	Гарри Поттер
2079	1	Университата
2080	1	Лоренс Штраус
2081	1	Сэнди Стейси
2082	1	Иан Мэйн
2083	1	Флориан Альтерматт
2084	1	Дитер Эберт
2085	1	Эсхила
2086	1	Чихометр
2087	1	Брендан Фоли
2088	1	Оливер Харт
2089	1	Бенгт Хольмстрем
2090	1	Рид Суонтон
2091	1	Фредерика Уильяма
2092	1	Мухтарбай Отелбаев
2093	1	Толстых
2094	1	Липавский
2095	1	Квазичастица
2096	1	Поляритон
2097	1	Ричард Стивенс
2098	1	Петра Великого
2099	1	Паулой
2100	1	Колином Мартин
2101	1	Уиттекера
2102	1	Цинлун
2103	1	Лацзя
2104	1	Хайвон
2105	1	Венсян
2106	1	Гейтс
2107	1	Пеккой Янхуненом
2108	1	Питера Пархема
2109	1	Эмили Вроблевски
2110	1	Комлекс
2111	1	Паскаль Даман
2112	1	Даман
2113	1	Тафтса Майкла Левина
2114	1	Стивен Беннер
2115	1	Беннера
2116	1	Беннер
2117	1	Хагена
2118	1	Валлис
2119	1	Кристофер Андерсон
2120	1	Сейдж Майерс
2121	1	Томаса Маурера
2122	1	Кларксон
2123	1	Дидье Келос
2124	1	Джозефа Джефф Мур
2125	1	Франсинальдо Сильва
2126	1	Зевен Провинсен
2127	1	Брайеном Смолом
2128	1	Рональд Веббинк
2129	1	Тадд Траскотт
2130	1	Маркусом Ропером
2131	1	Бен Кардуш
2132	1	Ральфа
2133	1	Тиллингаста
2134	1	Лучано Морейры
2135	1	Такаси Симониси
2136	1	Эйми Висса
2137	1	Одновременно
2138	1	Панова
2139	1	Цзе
2140	1	Тихоходка
2141	1	Буавен
2142	1	Эрик Грин
2143	1	Инады Йосинобу
2144	1	Джорджа Паликараса
2145	1	Зика Пердью
2146	1	Майкла Россманна
2147	1	Нюбаккен
2148	1	Пасадене
2149	1	Джеффа Безоса
2150	1	Лукас Карноан
2151	1	Джефф
2152	1	Миуссен
2153	1	Джейсон Паулюс
2154	1	Тьюринг
2155	1	Джим Майлз
2156	1	Эрик Фишер
2157	1	Цянь
2158	1	Дэйв Беннетт
2159	1	Николая Котова
2160	1	Нейл Редферн
2161	1	Гуаньчжоу
2162	1	Крисом Брюкорном
2163	1	Павла
2164	1	Федерика Сарро
2165	1	Альбрехт Румштейн
2166	1	Аттилы
2167	1	Иордан
2168	1	Нобухико Сато
2169	1	Альбрехта Дюрера
2170	1	Ричардом Мортоном
2171	1	Мортон
2172	1	Чао-Вэй Цай
2173	1	Шмитц
2174	1	Либби
2175	1	Лорена Помпильо
2176	1	Карри
2177	1	Канадец Айк
2178	1	Роберт Годуин
2179	1	Годдард
2180	1	Джим Лири
2181	1	Айленда
2182	1	Индевор
2183	1	Чанина
2184	1	Даниелла Розенстил
2185	1	Гейман
2186	1	Грегори Фанстону
2187	1	Тони Сильва Тони Силва
2188	1	Тони Сильва
2189	1	Джеймс Маннерс
2190	1	Хрулева
2191	1	Кристофер
2192	1	Эмпедокла
2193	1	Разерфорд
2194	1	Офер
2195	1	Гидеон Шелах
2196	1	Коц
2197	1	Эндрю Туохи
2198	1	Туохи
2199	1	Маркусу Бутцу
2200	1	Арйеном
2201	1	Ойеном
2202	1	Дедвейт
2203	1	В. Г. Богораз
2204	1	Богораз
2205	1	Альмерии
2206	1	Филиппа Зальцмана
2207	1	Дженни Мортон
2208	1	Томаса Бельта
2209	1	Маттиаса Мэя
2210	1	Томаса Ханнаппеля
2211	1	Кэйси Паповича
2212	1	Элизабет Периш
2213	1	Леггетт
2214	1	Гарг
2215	1	Аляски Лаврентия Загоскина
2216	1	Аштар Шеран Птааг
2217	1	Лектеру Дарту Вейдеру
2218	1	Тяньцзине
2219	1	Гиз
2220	1	Курто Каролина
2221	1	Адриан Вансон
2222	1	Имахара
2223	1	Гарвардской
2224	1	Беатрис
2225	1	Ула Свенссон
2226	1	Федор Ерошкин
2227	1	Томас Лавернье
2228	1	Бандеролька
2229	1	Леонард Эйлер
2230	1	Диллихэй
2231	1	Линда
2232	1	Табетой Бояджяни
2233	1	Табби
2234	1	Висконсин
2235	1	Теллер
2236	1	Элмер Зур
2237	1	Элизабет Барбер
2238	1	Зур
2239	1	Венман
2240	1	Майкл Люттер
2241	1	Дэвид Массер
2242	1	Перельмана
2243	1	Саксы
2244	1	Сарум
2245	1	Курочкин Юрий
2246	1	Данкан Хантер
2247	1	Дэвид Алан
2248	1	Джеймс Меллаарт
2249	1	Хеен
2250	1	Петтерсен
2251	1	Гайдукова
2252	1	Майкла Страно
2253	1	Нейроимплантант
2254	1	Маргарет Филлипс
2255	1	Мохиуддин
2256	1	Самнер
2257	1	Тим Лейтон
2258	1	Эндрю Мельтзоф
2259	1	Билл Баллард
2260	1	Баллард
2261	1	Грегори Ковчука
2262	1	Кеплеру
2263	1	Кристиан Лукхауп
2264	1	Гилберт Прайс
2265	1	Эжена Дюбуа
2266	1	Уэсселинг
2267	1	Спинозы
2268	1	Элисон Филд
2269	1	Юрия Олеши
2270	1	Джеймс Джадж
2271	1	Мальвилл
2272	1	Себастьян Альварадо
2273	1	Флиндерс Питри
2274	1	Лукин
2275	1	Баумана
2276	1	Майо Притт
2277	1	Зарина Шарафутдинова
2278	1	Мо
2279	1	По-Видимому
2280	1	Мэтью Голомбек
2281	1	Синьхуа Ву
2282	1	Дэвид Армитидж
2283	1	Питер Кэмпбелл
2284	1	Николас Штраубе
2285	1	Габриэле Финальди
2286	1	Хосе Луис Ортис
2287	1	Пабло
2288	1	Адамса
2289	1	Брюса
2290	1	Понарядов
2291	1	Джеймсом Кристи
2292	1	Брюс Робинсон
2293	1	Керх
2294	1	Арне Людвиг
2295	1	Крис Колкуитт
2296	1	Скажем Пауль Эренфест
2297	1	Дж. Р. Р.
2298	1	Алистер Эванс
2299	1	Эванс
2300	1	Джозеф Чолино
2301	1	Мартин Риддифорд
2302	1	Хэттона
2303	1	Фред Джонсон
2304	1	Майкл Льюис
2305	1	Криса
2306	1	Тони Фритом
2307	1	Джонсом
2308	1	Тревор Уиллис
2309	1	Голожаберник
2310	1	Кемпер
2311	1	Ятсена
2312	1	Мишель Махарбиз
2313	1	Оак Ридж
2314	1	Крюгер
2315	1	Вильгельм
2316	1	Алимпиев
2317	1	Смарт
2318	1	Роберт Стивенсон
2319	1	Кэтрин Уинстэнли
2320	1	Стирлинга
2321	1	Арцеллы
2322	1	Хейст
2323	1	Цзоу
2324	1	Мэтт Хейворд
2325	1	Хайке Шерф
2326	1	Шахина Сефати
2327	1	Брента
2328	1	Кэя
2329	1	Дуглас
2330	1	Луиса
2331	1	Изображени
2332	1	Ян Вейг
2333	1	Седрик Гобейль
2334	1	Тимоти Харрисон
2335	1	Джанет Келсо
2336	1	Любош Мотль
2337	1	Игоря Иванова
2338	1	Мигеля Николесиса
2339	1	Николесис
2340	1	Анастасия
2341	1	Джеймса Парра
2342	1	Мэри Войтек
2343	1	Саймона Калуша
2344	1	Казанцева
2345	1	Ричарда Дронсковски
2346	1	Томограф
2347	1	Карстенс
2348	1	Питер Хоснер
2349	1	Мэллис
2350	1	Хольгер Драсс
2351	1	Назарпур
2352	1	Дагган
2353	1	Френк
2354	1	Пойнар
2355	1	Френсисом Дональдом Дрейком
2356	1	Ульрика Бауэр
2357	1	Беттинелли
2358	1	Рэнди Шекман
2359	1	Филипа Вонга
2360	1	Дэвид Бертиоли
2361	1	Шликайзера
2362	1	Шликайзером
2363	1	Бюгге
2364	1	Сверрир
2365	1	Комплутенсе
2366	1	Тобиска
2367	1	Питер Нобл
2368	1	Питера Нобла
2369	1	Симона Йерс
2370	1	Мариом Карвахаль
2371	1	Аттард
2372	1	Эндрю Диллина
2373	1	Идена
2374	1	Рафаэллы Бьянуччи
2375	1	Джеймса Дайсона
2376	1	Йохананом Ахарони
2377	1	Ахарони
2378	1	Хананьяху
2379	1	Шира
2380	1	Шаньдун Цзяньчжу
2381	1	Цюрихской
2382	1	Сканнеборга Мерет Шифтер Багге
2383	1	Майкла Каханы
2384	1	Джилиан
2385	1	Джилл Стокбридж
2386	1	Каэтано Эредиа
2387	1	Дженис
2388	1	Симона Миноцци
2389	1	Гань
2390	1	Клифф Фролих
2391	1	Кристофера Биббса
2392	1	Стеббинг
2393	1	Мирослав Валан Олдрих Сихра
2394	1	Литерак
2395	1	Зигурд Беллер
2396	1	Фобоса
2397	1	Ачиле Раселиманана
2398	1	Шон Кроу
2399	1	Петр Алагерский
2400	1	Нурхаци
2401	1	Бонни Веббер
2402	1	Алессандро Москитти
2403	1	Николая Коперника
2404	1	Фабьена Кусто
2405	1	Николаса Карла
2406	1	Артур Дюре
2407	1	Эд Макслой
2408	1	Мартин Хениг
2409	1	Роджер Томлин
2410	1	Шампандар
2411	1	Джерри Сильвер
2412	1	Краснопольский
2413	1	Дэви Крокетта
2414	1	Артема Лунева Куксина
2415	1	Сергея Старикова
2416	1	Ходжсон
2417	1	Смирновым
2418	1	Шехтманом
2419	1	Фани Броткорн
2420	1	Юджина
2421	1	Юджина Паркера
2422	1	Питера Шульца
2423	1	Л. Махадеваном
2424	1	Уханя
2425	1	Тацуки Адания
2426	1	Ричардом Уолкером
2427	1	Одуеном Дольфюсом
2428	1	Стивен Ларсон
2429	1	Фаунтин
2430	1	Коулман Дарнелл
2431	1	Буянова
2432	1	Скрейпер
2433	1	Грегори Окин
2434	1	Окин
2435	1	Кларксона
2436	1	Файнштейна
2437	1	Карен Симпсон
2438	1	Шклярук
2439	1	Джудит Айзен
2440	1	Томас Маурер
2441	1	Ана Наварро
2442	1	Райерсона
2443	1	Бозе-Конденсация
2444	1	Волнами-Убийцами
2445	1	Жана Рибо
2446	1	Рибо
2447	1	Джерри Эйманом
2448	1	Антонио Парис
2449	1	Энтони Бирли
2450	1	Виндоланды Априлий
2451	1	Сангита Бхатия
2452	1	Авторевю
2453	1	Бейли
2454	1	Параналь
2455	1	Жорес Алферов
2456	1	Медведев
2457	1	Кисамит
2458	1	Хейльцук
2459	1	Ливио Даллоро
2460	1	Гая Абеля
2461	1	Мишелем Флери
2462	1	Джорджио Группиони
2463	1	Сильвано Винчети
2464	1	Алник
2465	1	Буркова
2466	1	Ватанабэ
2467	1	Игнатова
2468	1	Аюша Бхандари
2469	1	Михед
2470	1	Меган Хэд
2471	1	Ребекка Фокс
2472	1	Мэдисоне
2473	1	Зиви
2474	1	Аленом Зиви
2475	1	Алехандро Отеро
2476	1	Эмиль Крупандан
2477	1	Отеро
2478	1	Крупандан
2479	1	Иона Шуаньер
2480	1	Тоямы
2481	1	Дзикей
2482	1	Филиппа Карри
2483	1	Алана
2484	1	Моини
2485	1	Кристофером Роллманом
2486	1	Мартос
2487	1	Оссианизм
2488	1	Сэмюэл Джонсон
2489	1	Йозефа Добровского
2490	1	Толстой
2491	1	Андре Мазон
2492	1	Зимин
2493	1	Зимина
2494	1	Якобсона Олега Творогова Живова
2495	1	Карин
2496	1	Оберг
2497	1	Якову
2498	1	Коэн Гойртс
2499	1	Халитова
2500	1	Аманда Трауд
2501	1	Офером Яроном
2502	1	Дерек Фокс
2503	1	Офера Ярона
2504	1	Соломенцев
2505	1	Кармартена
2506	1	Расселлу
2507	1	Расселл
2508	1	Прайс
2509	1	Рассела
2510	1	Афродисийского
2511	1	Габриэла Гонзалес
2512	1	Кайе Рид
2513	1	Факулы
2514	1	Тимоти Инсолл
2515	1	Шейди
2516	1	Дэвид Уиллис
2517	1	Уиллис
2518	1	Эвбея Парион
2519	1	Парион
2520	1	Ататюрка
2521	1	Дэвид Эллиот
2522	1	Стефан Поропат
2523	1	Джорджа Суинберна
2524	1	Яншаосцы
2525	1	Дэвид Уолт
2526	1	Жаклин
2527	1	Моне Климта Гогена
2528	1	Сангита Бхатиа
2529	1	Бхатиа
2530	1	Дэвида Аттенборо
2531	1	Дэвид Сайветер
2532	1	Дюзель
2533	1	Астонского
2534	1	Сумецкий
2535	1	Роберт Боессенекер
2536	1	Эрих Фитцджеральд
2537	1	Ави Лоэб
2538	1	Ломброзо
2539	1	Джаббы Хатта
2540	1	Армбрустер
2541	1	Пьер Фошар
2542	1	Симпсона
2543	1	Рашида Башира
2544	1	Демианом Эвансом
2545	1	Валери Бераль
2546	1	Дэниелем Андерсоном
2547	1	Клод Шеннон
2548	1	Винсента
2549	1	Ламара
2550	1	Мишель Буссинеск
2551	1	Йорга Врахтрупа
2552	1	Ткачев
2553	1	Вега
2554	1	Герговой
2555	1	Долон
2556	1	Мартином Ньюэллом
2557	1	Стюарт Кук
2558	1	Белы Юлеса Кристофер Тайлер
2559	1	Тенерифе
2560	1	Патрик Мартин
2561	1	Археозоолог Осипинская
2562	1	Камелот
2563	1	Камула
2564	1	Филда
2565	1	Ватсона Баскервилей Ленфильм
2566	1	Корнельский
2567	1	Гэри Тейлора
2568	1	Тейлора
2569	1	Фауст
2570	1	Курдвановски
2571	1	Кочинский
2572	1	Пауль Шлезигер
2573	1	Давид Кляйнфелд
2574	1	Этны
2575	1	Фермилаб
2576	1	Райаном Флауэрсом
2577	1	Чэпменом
2578	1	Кунетацу Инокума
2579	1	Атлантике
2580	1	Ирвине
2581	1	Макгилл
2582	1	Полтавщине
2583	1	Подолии
2584	1	Хайди
2585	1	Ральфа Яуманна
2586	1	Абрахам Лоеб
2587	1	Лоеб
2588	1	Гринстед
2589	1	Шерри Тауэрс
2590	1	Каталонцы
2591	1	Уильям Маккиннон
2592	1	Маккиннона
2593	1	Дэвид Андерсон
2594	1	Аннет Томбо
2595	1	Джамшид Теграни
2596	1	Уолтер Синно Армстронг
2597	1	Лукиану Диба
2598	1	Консейсан
2599	1	Аальто
2600	1	Техкрим
2601	1	Док-Станция
2602	1	Лучано Марраффини
2603	1	Йон Макгинн
2604	1	Мередит
2605	1	Ричарда Фройнда
2606	1	Сара Таламо
2607	1	Зеновия Якобс
2608	1	Джеофом Макли
2609	1	Крисом Хорсли
2610	1	Гуанчжоу
2611	1	Ян Ван
2612	1	Вельде
2613	1	Паркером
2614	1	Рольф Хойер
2615	1	Метеум
2616	1	Грааль
2617	1	Флэтли
2618	1	Карлоса
2619	1	Роланду Берка
2620	1	Джеймсом Райтом
2621	1	Джакомо Беккари
2622	1	Гархинге
2623	1	Дейв Джонсон
2624	1	Штайнбринг
2625	1	Минди Питр
2626	1	Сколково
2627	1	Чарли Гарри Фрэнсис
2628	1	Хендерсон
2629	1	Дженнифер Лаверс
2630	1	Ирек Гильманов
2631	1	Субару
2632	1	Ополье
2633	1	Остин Дутенхоффер
2634	1	Барни
2635	1	Кван
2636	1	Райнера Хедриха
2637	1	Гофер
2638	1	Эриком Бетцигом
2639	1	Эрика Бетцига
2640	1	Энтони Дрейк
2641	1	Мэтью Соренсена
2642	1	Жюльен Луйс
2643	1	Жюльена Луйса
2644	1	Аэромобиль
2645	1	Нэнси
2646	1	Амстердамского
2647	1	Морманом
2648	1	Агнарссону
2649	1	Килдышева Шалаева
2650	1	Кага Кага
2651	1	Ричард Мэсси
2652	1	Куантико
2653	1	Джозеф Полчински Эндрю Стромингер
2654	1	Камран Вафа
2655	1	Жан Бургейн
2656	1	Элоном Маском
2657	1	Келлерман
2658	1	Хиллер
2659	1	Динеца
2660	1	Тэнь Фам
2661	1	Питер Гинзбург
2662	1	Бевис
2663	1	Эдвин Хаббл
2664	1	Саймон Гринхилл
2665	1	Гринхилл
2666	1	Ла
2667	1	Кентон Чамберс
2668	1	Крупянко
2669	1	Бьорн Карлссон
2670	1	Дэвида Беннета
2671	1	Винода Менона
2672	1	Малкольм Девис
2673	1	Дэвис
2674	1	Девис
2675	1	Сара Форчун
2676	1	Сьюзан Лингл
2677	1	Джеффри Либерман
2678	1	Либермана
2679	1	Тайроном Лавери
2680	1	Тайрона Лавери
2681	1	Уоллеса
2682	1	Бриан Метшер
2683	1	Кристофера
2684	1	Артура Облуского
2685	1	Эндрю Томкинс
2686	1	Стефана Шустера
2687	1	Ху
2688	1	Эд Хокинс
2689	1	Томаса Хеннинга
2690	1	Файзинге
2691	1	Гатенхольм
2692	1	Хедлисхейди
2693	1	Джеймс Патрик
2694	1	Пьер Кервелла
2695	1	Силуанов
2696	1	Татьяну Фалалееву
2697	1	Бузимов
2698	1	Номоев
2699	1	Шуркин
2700	1	Майка Шрепфера
2701	1	Рейчел Вейл
2702	1	Абхишек Сингх
2703	1	Манту
2704	1	Питер Бэнкс
2705	1	Тринити-Колледжа Дублина
2706	1	Брэдли
2707	1	Нибаккен
2708	1	Шарклеты
2709	1	Шифрование
2710	1	Спутник-Кандидат
2711	1	Дэвид Киппинг
2712	1	Гоэн Шарон
2713	1	Цюань Ян
2714	1	Везувия
2715	1	Даррен Перри
2716	1	Джорджа Хоца
2717	1	Хаквейл
2718	1	Юрий Курочкин
2719	1	Орегонского
2720	1	Инклюз
2721	1	Эрика
2722	1	Диодора
2723	1	Наоми
2724	1	Рябко
2725	1	Наталья Ацаркина
2726	1	Филиппу
2727	1	Исаака
2728	1	Натаниэля Домини
2729	1	Гаем Вудруфом
2730	1	Джованни Годиерны
2731	1	Гуха
2732	1	Чарльз Бомбардье
2733	1	Лаймана Спитцера
2734	1	Перлмуттера Шмидта
2735	1	Джозеф Бэнкс
2736	1	Хоскина
2737	1	Леона Ледермана
2738	1	Чебаркуля
2739	1	Вайса
2740	1	Эрнандеса
2741	1	Мирии
2742	1	Цзянь
2743	1	Флоридского
2744	1	Виноградовой
2745	1	Светланы
2746	1	Олсон Джордж Филипс Лукиан Смит
2747	1	Премила Сэмюэль
2748	1	Майкла Хехта
2749	1	Вермонт
2750	1	Робертс
2751	1	Климкина
2752	1	Рапата Вири
2753	1	Стюарта Хейза
2754	1	Эшвин Васавада
2755	1	Тифэн
2756	1	Лин Ван
2757	1	Циньцзы Сюй
2758	1	Гладуина
2759	1	Паоло Буонинконтри
2760	1	Плиний
2761	1	Мауро Феррари
2762	1	Селдена
2763	1	Санне Якобсен
2764	1	Ник Таунсенд
2765	1	Ричарда Райана
2766	1	Андреаса Каплана
2767	1	Софии Фернандес
2768	1	Дугласа Хэнэхена
2769	1	Кэтлин Кларк
2770	1	Сверкера Лундина
2771	1	Эллисон
2772	1	Каледонского
2773	1	Джейни Грин
2774	1	Радиоисточник
2775	1	Шуа Кисилевиц
2776	1	Синъи Яманаки
2777	1	Мобл Бенедикт
2778	1	Артуром Кримминсом
2779	1	Атлантикой
2780	1	Новоселова
2781	1	Вуллонгонга
2782	1	Роберта Миямото
2783	1	Гельмгольца
2784	1	Бельцони
2785	1	Майрс
2786	1	Л. А. Беляев
2787	1	Цзяньхай Сян
2788	1	Мэтт Леватич
2789	1	Джеффри Хэнгста
2790	1	Трой Хант
2791	1	Акимичи Такада
2792	1	Калтеха Макл Браун
2793	1	Батыгина
2794	1	Ричи Уолш
2795	1	Пикатинского
2796	1	Людовика Орландо
2797	1	Татьяну Кузнецову
2798	1	Ханс Проенен
2799	1	Проенен
2800	1	Сюзанне Мейдмент
2801	1	Кейвена Стэсссана
2802	1	Стессану
2803	1	Вулонгонга
2804	1	Жаком Коэном
2805	1	Джефф Либерман
2806	1	Генриха Карла Бругша
2807	1	Плейбой
2808	1	Гиннеса
2809	1	Вьен
2810	1	Натан Петерсон
2811	1	Натана Петерсона
2812	1	Финна Лиллелунда Аахмана
2813	1	Эдриан
2814	1	Помпониус
2815	1	Кэрол Армстронг
2816	1	Вивиани
2817	1	Кадармидин
2818	1	Манхэттене
2819	1	Стэнли Милгрэма
2820	1	Макаровой
2821	1	Дэвида Кристенсена
2822	1	Сергеева
2823	1	Карелы
2824	1	Бенестад
2825	1	Турид
2826	1	Мини-Субмарины
2827	1	Крис Хэдфилд
2828	1	Нгуен
2829	1	Такеси Кавано
2830	1	Мамуладзе
2831	1	Доминик Роше
2832	1	Саймоном
2833	1	Шматиков
2834	1	Джеймсом Максвеллом
2835	1	Анри
2836	1	Фридрих Артурович Цандер
2837	1	Эндрю Фэгга
2838	1	Мимивирусы
2839	1	Секвенирование
2840	1	Дэниэл Вагнер
2841	1	Азиза
2842	1	Атии
2843	1	Блумелла
2844	1	Карнеги
2845	1	Козаков
2846	1	Свен Калмринг
2847	1	Англичане
2848	1	Херардо Алдана
2849	1	Томаса Сатикны
2850	1	Андраде Роберт Мванга
2851	1	Ян Лоу
2852	1	Эрнст Штулингер
2853	1	Кристофер Хелджен
2854	1	Дарио
2855	1	Валенцано
2856	1	Зигфрид Янсон
2857	1	Роберта Бингема
2858	1	Психолингвисты
2859	1	Энгуса Дэвисона
2860	1	Тьерри Жамин
2861	1	Линдсей
2862	1	Гюнтер Вайбель
2863	1	Грегори Андерсона Дэвида Харрисона Дэниелса Мадлен
2864	1	Джереми Фарингера
2865	1	Хуан Карлос Сенар
2866	1	Джеффри Мэйсона
2867	1	Стивеном Ясински
2868	1	Дэвидом Москато
2869	1	Блейна Шуберта
2870	1	Эндрю Майерс
2871	1	Брохвен
2872	1	Аптамерами
2873	1	Миллером
2874	1	Бернхарда
2875	1	Грэма Кука
2876	1	Крюйер
2877	1	Герман Рихтер
2878	1	Спирин
2879	1	Шол Ким
2880	1	Ральф Кайзер
2881	1	Алан Роджерс
2882	1	Лоуренса
2883	1	Дженнифер Дудной
2884	1	Барзотти
2885	1	Моше Варди
2886	1	Стефано
2887	1	Роберта Скотта
2888	1	Эдвард Уилсон
2889	1	Дейвисе
2890	1	Зеу
2891	1	Эдуаром Рошем
2892	1	Терри Харфорд
2893	1	Звездин
2894	1	А. М. Прохорова
2895	1	Роберто Миньяни
2896	1	Миньяни
2897	1	Вернера Гейзенберга
2898	1	Ганса Генриха Эйлера
2899	1	Роберто
2900	1	Туролла
2901	1	Михаэль Рао
2902	1	Карл Райнхардт
2903	1	Джозефа Гребовски
2904	1	Уильямом Баклендом
2905	1	Ляонин
2906	1	Фенберга
2907	1	Гордон Олпорт
2908	1	Каталаном
2909	1	Эрих Клар
2910	1	Баутик Йоши
2911	1	Акула-Ниндзя
2912	1	Бенчли
2913	1	Артур Каплан
2914	1	Эдуард Трухан
2915	1	Робином Данбаром
2916	1	Солар
2917	1	Мальгаши
2918	1	Бовин
2919	1	Кэролайн Чабу
2920	1	Эшвелл
2921	1	Скипси
2922	1	Монти
2923	1	Подложка
2924	1	Витторио Себастиано
2925	1	Трэвиса Дженнифер Нагасима
2926	1	Скайлар Сильвестр
2927	1	Регенсбурга
2928	1	Электроэнцефалограммы
2929	1	Биткоин
2930	1	Дзета
2931	1	Архимеде
2932	1	Ярковского
2933	1	Франческо Бароччи
2934	1	Питер Аларик
2935	1	Аларик
2936	1	Незатухающими
2937	1	Эте
2938	1	Чарльз Болден
2939	1	Канталуэт
2940	1	Маккуори Малькольм Чот
2941	1	Гарднер
2942	1	Сифиане
2943	1	Бакиота
2944	1	Виноградова
2945	1	Бреннер
2946	1	Экзомарса
2947	1	Мышей
2948	1	М. Л. Гаспаров
2949	1	А. Н. Веселовский
2950	1	Тынянов
2951	1	Грегорио Каррера
2952	1	Прокны
2953	1	Октавии
2954	1	Антацита
2955	1	Петером Саволайненом
2956	1	Денверского
2957	1	Кен Паундз
2958	1	Сводеша
2959	1	Юрий Штыров
2960	1	Билл Глэри
2961	1	Джерри Спенглер
2962	1	Спенглер
2963	1	Миланского
2964	1	Давид Гарсия
2965	1	Дойла
2966	1	Питер Райт
2967	1	Гриффин Мюррей
2968	1	Мюррей
2969	1	Кристи Мюррей
2970	1	Мэл Броссар
2971	1	Сюзанн Мут
2972	1	Карффа
2973	1	Биленко
2974	1	Майкл Ривз
2975	1	Дэн Уоллер
2976	1	Уоллера
2977	1	Стюарт Лихт
2978	1	Стюарта Лихта
2979	1	Паулем Крутценом
2980	1	Келлог
2981	1	Келлога
2982	1	Пьенсон
2983	1	Николаса Пьенсона
2984	1	Райнхарта
2985	1	Брукс
2986	1	Ник Герритсен
2987	1	Сэм
2988	1	Джоанна Николс
2989	1	Кристиан Бенц
2990	1	Артуром Уэйгаллом
2991	1	Масаки Камакура
2992	1	Похоже
2993	1	Джорджа Рэйчел Джейкобс
2994	1	Стэйси Тикот
2995	1	Анилом Джайном
2996	1	Сергей Залесов
2997	1	Кенджи Суцуго
2998	1	Келли Харрис
2999	1	Мемристор
3000	1	Бернардом Гренфеллом
3001	1	Артуром Хантом
3002	1	Эдвина Эббота Флатландия
3003	1	Спирс
3004	1	Айзек Азимов
3005	1	Бланд
3006	1	Леннарт Линдегрен
3007	1	Катрин Вестнер
3008	1	Джошуа Саймоном
3009	1	Дэйвисон
3010	1	Гордей
3011	1	Занле
3012	1	Трент
3013	1	Майлс Ньюстоун
3014	1	Ньюстоун
3015	1	Дюрхема
3016	1	Франклин Фелбер
3017	1	Аарон Т.
3018	1	Меррер Марр
3019	1	Фанни Шеналь
3020	1	Бруно Болестен
3021	1	Сильвия Белло
3022	1	Белло
3023	1	Моник Робрук
3024	1	Транзас
3025	1	Флориды Кристина Киллгроув
3026	1	Роберт Тайкот
3027	1	Брокгауза
3028	1	Ефрона
3029	1	Эллен Уорнер
3030	1	Тарасенко
3031	1	Малин
3032	1	Аммиана Марцеллина
3033	1	Сэнди Петерсоном
3034	1	Гилл Пратт
3035	1	Брайан Кеннеди
3036	1	Боулдере Кеннет Райт
3037	1	Геренчера
3038	1	Скринсейвер Кристина Верде Родарте
3039	1	Соумитро Банерджи
3040	1	Люси
3041	1	Анджали Джейн
3042	1	Матиаса Мейера
3043	1	Блохина
3044	1	Сильвия Зейн
3045	1	Фишер
3046	1	Македонии
3047	1	Вольфганг Хаак
3048	1	Вольфганга Хаака
3049	1	Ибрагим Четин
3050	1	Джордж Франдсен
3051	1	Мэри Флэнэгэн
3052	1	Уильяма Райса
3053	1	Алекс
3054	1	Немироский
3055	1	Эрландсона
3056	1	Яндексе
3057	1	Самуэль Ганеман
3058	1	Элла Гликсон
3059	1	Тарангире Омо
3060	1	Фердинанду
3061	1	Питер Хиггс
3062	1	Франсуа Энглер
3063	1	Чино Ким
3064	1	Дэвид Шпигель
3065	1	Мэкон Сооснователь Сергей Брин
3066	1	Сакс
3067	1	Во-Первых
3068	1	Кремен
3069	1	Дэвид Адельфина Бонно
3070	1	Рэймена
3071	1	Манфредом Битаком
3072	1	Эсмеральды
3073	1	Мануэл
3074	1	Давосе
3075	1	Эллиот
3076	1	Скотт Шеппард
3077	1	Седну
3078	1	Шеппарда
3079	1	Райан Шеннон
3080	1	Пиазетски
3081	1	Кристофер Таттл
3082	1	Дженнера
3083	1	Николай Буднев
3084	1	Томаса Оксли
3085	1	Ноэлем Райсом
3086	1	Горацио
3087	1	Уэттерера
3088	1	Людвига Максимилиана
3089	1	Рита Фьор
3090	1	Харуко Обакату
3091	1	Сасаи
3092	1	Киотского
3093	1	Сакаи
3094	1	Филипп Кемпбелл
3095	1	Рори
3096	1	Аронсон
3097	1	Фармбот
3098	1	Лойола Мэримаунт
3099	1	Гонконгского
3100	1	Бин Теан
3101	1	Гонзо
3102	1	Ричарда Эвершеда
3103	1	Хельфенштейн
3104	1	Бишопа
3105	1	Бишоп
3106	1	Аби Мендельсон
3107	1	Хачатурова
3108	1	Оливье Ламбера
3109	1	Сара Зер
3110	1	Смита
3111	1	Дэвида Томаса Смита
3112	1	Кусимба
3113	1	Робертом Генрих
3114	1	Зубайр
3115	1	Томского
3116	1	Джейми Хензи
3117	1	Велкина Джонсона
3118	1	Дэвид Энард
3119	1	Йохана Рунера
3120	1	Олаф
3121	1	Абигайль Грэм
3122	1	Гая
3123	1	Уилкинсона
3124	1	Микулек
3125	1	Кристофер Кларк
3126	1	Расмус Нильсен
3127	1	Саймон Льюис
3128	1	Джеймса Нифтонга
3129	1	Вук Чой
3130	1	Чжухае
3131	1	Аарон Коулмен
3132	1	Шейн
3133	1	Терагерцовым
3134	1	Эдриана Уайта
3135	1	Эмми
3136	1	Кисспептин
3137	1	Шостак
3138	1	Богдана
3139	1	Йоахим Брессель
3140	1	Жером Констан
3141	1	Колумб
3142	1	Дэвид Хьюбел
3143	1	Торстен Визель
3144	1	Грейм Фэйрчайлд
3145	1	Мельников
3146	1	Цайхуа Сюн
3147	1	Хубэй
3148	1	Хавьеру
3149	1	Розалинда Арден
3150	1	Чарльза Дарвина
3151	1	Мартенс
3152	1	Мишель Шапюиза
3153	1	Захи Хавасса
3154	1	Тьюринга
3155	1	Джо Белфиор
3156	1	Ханса Виллема Сноэка
3157	1	Масаки Томонага
3158	1	Новоселовым
3159	1	Ростех
3160	1	Дрекселя
3161	1	Керта Кука
3162	1	Игоря Чирикова
3163	1	Игорь Чириков
3164	1	Райнером Хедрихом
3165	1	Расмуссен
3166	1	Реймонд Колелло
3167	1	Павла Сорокина
3168	1	Ирвинг Ротмен
3169	1	Ротмен
3170	1	Гулливер
3171	1	Свифт
3172	1	Вудфин
3173	1	Тимминса
3174	1	Росгидромет
3175	1	Кодированием
3176	1	Ян Лайон
3177	1	Джаспер Киркби
3178	1	Изначально Илон Маск
3179	1	Тренто
3180	1	Миннесоты Карл Флинк
3181	1	Алекса
3182	1	Нэнси Шерих
3183	1	Николас Вегнер
3184	1	Опах
3185	1	Мэсси
3186	1	Макарова
3187	1	Эллен Мартинсен
3188	1	Чарльз Спенс
3189	1	Кампалы
3190	1	Иштван Декани
3191	1	Белоногов
3192	1	Шайлендра Суман
3193	1	Миура-Ори
3194	1	Фрэн Харацкевич
3195	1	Протитом
3196	1	Сколтехе
3197	1	Мэтью Шнепса
3198	1	Смоленской
3199	1	Дрейер
3200	1	Николай Дуров
3201	1	Лопатин
3202	1	Хосоды
3203	1	Ропер
3204	1	Сергей Леонов
3205	1	Марусич Сергей Леонов
3206	1	Брианна Путман
3207	1	Линдблад
3208	1	Вильд
3209	1	Тортилью
3210	1	Рудольф Арнхейм
3211	1	Альфред Уоллес
3212	1	Абрахама Вальда
3213	1	Мадхава
3214	1	Варден
3215	1	Джим Кенаги
3216	1	Вагнера
3217	1	Шипмана
3218	1	Канадцы
3219	1	Ричард Пайл
3220	1	Эрик Томсон
3221	1	Томсон
3222	1	Леннона
3223	1	Лионель Барнетт
3224	1	Николас Хопкинс
3225	1	Константинова Сергей
3226	1	Амазонии
3227	1	Маречала Чандидо Рондона
3228	1	Стивена Палмера
3229	1	Араухо
3230	1	Кивы
3231	1	Такеси Имамура
3232	1	Кенжи Омори
3233	1	Габриэль
3234	1	Цинхуа
3235	1	Гамма-Всплески
3236	1	Светлана Рыжакова
3237	1	Грэм Слейтер
3238	1	Пиенсон
3239	1	Рональда Руэла Толкиена
3240	1	Эдит Толкиен
3241	1	Кристофер Толкиен
3242	1	Микротрубочки
3243	1	Мишеля Гондри
3244	1	Данкли
3245	1	Элефтериа Палкопулу
3246	1	Дэвид Рейх
3247	1	Суматра
3248	1	Тапанули
3249	1	Эрик Мейард
3250	1	Сильвио Белло
3251	1	Вайбхава
3252	1	Микенцы
3253	1	Тима
3254	1	Говард
3255	1	Хосе Мануэль Галан
3256	1	Кэтрин Берри
3257	1	Исраэль
3258	1	Дэна Баруха
3259	1	Мэтью Форстером Хиддлом
3260	1	Файтфул
3261	1	Пьер Мешен
3262	1	Монтгомери Слаткин
3263	1	Даниэль Перлман
3264	1	Грег Видберг
3265	1	Франсиско
3266	1	Скотта Персонса
3267	1	Матвеенко Кардашев
3268	1	Шоломицкий
3269	1	Ковалева
3270	1	Шакурой
3271	1	Сюняевым
3272	1	Рашид Сюняев
3273	1	Николай Шакура
3274	1	Мирослава Барта
3275	1	Джек
3276	1	Драгутином
3277	1	Даворка Радовчич
3278	1	Филолог-Классик Файер
3279	1	Дарла Зеленицки
3280	1	Мартин Белландер
3281	1	Виджая Пандурангана
3282	1	Кристофер Уиллс Кларк
3283	1	Светлана Святко
3284	1	Жан Линьяр
3285	1	Филипп Коупстейк
3286	1	Рета Аллена
3287	1	Аллен
3288	1	Мьельнира
3289	1	Эрин
3290	1	Берли
3291	1	Парага Вайшампайана
3292	1	Макото Фудзиты
3293	1	Лазарев
3294	1	Артиго
3295	1	Кактовике
3296	1	Памплона
3297	1	Магнетометры Кассини
3298	1	Остап Лазурко
3299	1	Ки Хироси
3300	1	Филаменты
3301	1	Микрофиламенты
3302	1	Айдыне
3303	1	Бернс
3304	1	Ноя Бернса
3305	1	Майбург
3306	1	Карстон Кюлльхайм
3307	1	Улаш
3308	1	Али-Реза Нуризадех
3309	1	Заходера
3310	1	Гретхен Даббс
3311	1	Нью
3312	1	Джоржа
3313	1	Шеннона
3314	1	Ричарда Ляна
3315	1	Лулео
3316	1	Филиппой
3317	1	Дэвид Стюарт
3318	1	Шпрайц
3319	1	Джеффри Брасвеллом
3320	1	Джули
3321	1	Уффе Грав Йоргенсен
3322	1	Йоргенсен
3323	1	Роршаха
3324	1	Ремко
3325	1	Пауля Шеррера
3326	1	Биочип
3327	1	Орельян Латюльер
3328	1	Майкл Уэлш
3329	1	Майкла Уэлша
3330	1	Педерсен
3331	1	Джеймс Бардуэлл
3332	1	Скотт Хоровитц
3333	1	Эрик Бетциг Уильям
3334	1	Георг Маттер
3335	1	Харон
3336	1	Юрий Копытенко
3337	1	Гаэтано Манфреди
3338	1	Томмазо Руссо
3339	1	Буччи
3340	1	Кевин Томас
3341	1	Крэнфилда
3342	1	Майкла
3343	1	Махони
3344	1	Оптоволокно
3345	1	Дэмиэн Круз
3346	1	Лионского
3347	1	Истоминым
3348	1	Вагиным
3349	1	Сицэня
3350	1	Петри
3351	1	Тромсе
3352	1	Вишну Редди
3353	1	Авейру
3354	1	Порту
3355	1	Маурисио Терронес
3356	1	Позитронием
3357	1	Форге
3358	1	Пилоргэ
3359	1	Андрес Пепе
3360	1	Дьюка Флориды
3361	1	Дженнифер Гро
3362	1	Макаров
3363	1	Пааске
3364	1	Беовульф
3365	1	Архимед
3366	1	Джеймсе Бонде
3367	1	Швейцером
3368	1	Швейцер
3369	1	Джейн Гудолл
3370	1	Эмми Уэйджерс
3371	1	Стэнфордский
3372	1	Миннесоты Тернер
3373	1	Коллард
3374	1	Рамиль
3375	1	Джованни Кассини
3376	1	Роберт Крэддок
3377	1	Крэддок
3378	1	Крэддока
3379	1	Робин Кэнап
3380	1	Жюльен Салмон
3381	1	Джейкобаса Гербера
3382	1	Брэстедом
3383	1	Гербертом Уинлоком
3384	1	Антонио Моралеса
3385	1	Фобос
3386	1	Деймос
3387	1	Уильям Джарвис
3388	1	Гарри Сили
3389	1	Майкл Гилмор
3390	1	Дженнифер Фелдер
3391	1	Регина Дуган
3392	1	Тобиасом Прейсом
3393	1	Яковлева
3394	1	Армстронг
3395	1	Франц
3396	1	Така
3397	1	Стэнтоном Гланцем
3398	1	Панчина
3399	1	Скотт Додсон
3400	1	Данте Джейн Остин Чосер Дефо Джордж Элиот Френсис Скотт Фицджеральд Уильям Голдинг Натаниэль Готорн Эрнест Хемингуэй Гомер Франц Кафка Овидий Софокл Гертруда Стайн Свифт Толстой Твен Вергилий Курт Воннегут Эдит Уортон
3401	1	Роджера Шойера
3402	1	Аризоны Хельсинки
3403	1	Джиллетту
3404	1	Кена Роуза
3405	1	Ахмед Мансур
3406	1	Гюстав Гаспар Кориолис
3407	1	Гавайского
3408	1	Гаэтан Парсихиан
3409	1	Больцмана
3410	1	Юрия Оганесяна
3411	1	Мэйо
3412	1	Студитского
3413	1	Данила Шумский
3414	1	Эми Богаард
3415	1	Цзяньпин Чжана
3416	1	Сара Кнати
3417	1	Энии
3418	1	Карла Диссерот
3419	1	Людвига Фаддеева
3420	1	Высоцкий
3421	1	Усамы Алнахаса
3422	1	Камрин Браун
3423	1	Найт
3424	1	Кена Ши
3425	1	Чжан Жунцяо
3426	1	Хизер Хинехан
3427	1	Питер Томас
3428	1	Бенцон
3429	1	Игоря Хатунцева
3430	1	Куямы
3431	1	Сергея Широкогорова
3432	1	Ларс Грундвад
3433	1	Хосе Родаль
3434	1	Астрофотографы Гевин Хэффернан
3435	1	Харун Мехмединович
3436	1	Радж
3437	1	Бондарева
3438	1	Сэми Камкар
3439	1	Мадридского
3440	1	Аспена
3441	1	Таунсвилле
3442	1	Фрэнсис
3443	1	Уотсон
3444	1	Максу Делбрюку
3445	1	Питер Лиддел
3446	1	Полли Лоу
3447	1	Джереми Хембергера
3448	1	Джонсона
3449	1	Научно-Исследовательского
3450	1	Сэмом Лазерсоном
3451	1	Майкл Заслофф
3452	1	Дэвида Скотта
3453	1	Мажитом Гафури
3454	1	Шухрата Миталипова
3455	1	Шухрат Миталипов
3456	1	Вацулик
3457	1	Кэймен
3458	1	А. Ф. Лосева
3459	1	Пин
3460	1	Эммануэль Миньо
3461	1	Пушкинского
3462	1	Жун
3463	1	Кеннет Катаниа
3464	1	Петер Дасак
3465	1	Кевин Оливал
3466	1	Эллис
3467	1	Бенжамен Клеман
3468	1	Клемана
3469	1	Дейлом Боджером
3470	1	Дейл Боджер
3471	1	Нотдарфт
3472	1	Ойген Кеменев
3473	1	Камаль
3474	1	Ахмеда Юсуфа Мустафы
3475	1	Сакудзи Йосимура
3476	1	Рособоронэкспорт Телеканал
3477	1	Бутовская
3478	1	Стефана
3479	1	Старостин
3480	1	Андерсу Расмуссену
3481	1	Яна Халамека
3482	1	Сьюзен Коркин
3483	1	Каролины Томас Бутби
3484	1	Разупорядоченные
3485	1	Дэвид Райх
3486	1	Вудкока
3487	1	Нильса Педерсена
3488	1	Штутгарте
3489	1	Альбертом Хофманом
3490	1	Николас Алетрас
3491	1	Томас Пузиа
3492	1	Дроны-Фигуры
3493	1	Эвре Бошран
3494	1	Алун Уитни
3495	1	Уитни
3496	1	Брайан Кейн
3497	1	Большеротый
3498	1	Кейн
3499	1	Антуана Брикара
3500	1	Вайзманна
3501	1	Дьюка Чарльза Гершбаха
3502	1	Касперского
3503	1	Дэн Фишер
3504	1	Димитра Атри
3505	1	Дмитрия Лаконцева
3506	1	Уиттон
3507	1	Томазо Трева
3508	1	Сюра Рефсдаля
3509	1	Стива Леонарда
3510	1	Мемнона
3511	1	Лукашевич
3512	1	Лукашевича
3513	1	Мелоди Ву
3514	1	Неизвестно
3515	1	Рогозин
3516	1	Маризы
3517	1	Хайме Аве
3518	1	Перадении
3519	1	Геттисбергского
3520	1	Стейвли
3521	1	Мартин Миллет
3522	1	Вудворд
3523	1	Шайамом Сундаром
3524	1	Казаринов
3525	1	Сурис
3526	1	Ольги Усковой
3527	1	Кетрис
3528	1	Эрик Кул
3529	1	Роскосмоса Игоря Комарова
3530	1	Роскосмоса
3531	1	Постнаука
3532	1	Исраэлем Санчесом
3533	1	Франкенштейна
3534	1	Гарольд Кук
3535	1	Мартин Эрен
3536	1	Массоко
3537	1	Ида Макалпайн
3538	1	Ричард Хантер
3539	1	Аутофагия
3540	1	Осуми
3541	1	Сталлард
3542	1	Ульф Бюнтген
3543	1	Никола
3544	1	Хулио Кортасара
3545	1	Майкл Ирвинг
3546	1	Филдса
3547	1	Томохиро Тачи
3548	1	Демейна
3549	1	Тачи
3550	1	Джейкоба Джорджа
3551	1	Эслама
3552	1	Джейкоб Джордж
3553	1	Пирамиданы
3554	1	Йошики Сасаи
3555	1	Запата
3556	1	Ляньсин Вэнь
3557	1	Ким
3558	1	Дункана
3559	1	Райта
3560	1	Линсдей Занно
3561	1	Сьюзан Дримала
3562	1	Майкл Купперс
3563	1	Флориды Линдси
3564	1	Билл Бейкер
3565	1	Полилов
3566	1	Эллен Рош
3567	1	Гордоном Ченом
3568	1	Карина Шлебуш
3569	1	Микал Полак
3570	1	Дейв Гоулсон
3571	1	Нейроинтерфейсами
3572	1	Грег Закариас
3573	1	Игорь Шевцов
3574	1	Синъей Яманакой
3575	1	Ломакса
3576	1	Крис Макгоуэн
3577	1	Люкманова
3578	1	Амита Капура
3579	1	Кристина
3580	1	Рины Уокер
3581	1	Сахара
3582	1	Джулии Данн
3583	1	Нуну Васко Оливеры
3584	1	Руперту Мердоку
3585	1	Рикардо
3586	1	Мэри Хиджер
3587	1	Мэри Швайцер
3588	1	Бакулюм
3589	1	Хьюго Спирс
3590	1	Джеймс Дейл
3591	1	Дарвина
3592	1	Проксимы Центавра
3593	1	Ламмердинга
3594	1	Яна Ламмердинга
3595	1	Нильса Бирбаумера
3596	1	Гаррисона
3597	1	Николаса
3598	1	Фэнга
3599	1	Чарльз Уолкотт
3600	1	Туомас Сэндхолм
3601	1	Буковского
3602	1	Монреальскому
3603	1	Дункан Халдейн
3604	1	Джефф Годдард
3605	1	Леонов
3606	1	Вэй Хун
3607	1	Джеймс Фаулер
3608	1	Бхатия
3609	1	Антананариву
3610	1	Томаса
3611	1	Бартлеттом
3612	1	Роберт Уэллс
3613	1	Кайюса Дидриха
3614	1	Дьюка Каролина
3615	1	Журавский
3616	1	Тима Оттера
3617	1	Мери Маас
3618	1	Ганеш Дэви
3619	1	Ганеша Дэви
3620	1	Эмилия Сундинг
3621	1	Светлана Малхазова
3622	1	Эрик Кристианссон
3623	1	Кристианссон
3624	1	Йоаким Ларссон
3625	1	Деян Стоянович
3626	1	Стоянович
3627	1	Дженнифер Лопес
3628	1	Джеймса Ханны
3629	1	Алекс Уэллерстайн
3630	1	Мэтт Хатчинс
3631	1	Томас Бельт
3632	1	Козимо Инсерра
3633	1	Парамагнитными
3634	1	Химаншу Бансал
3635	1	Ларри Мэдин
3636	1	Джастина Крипа
3637	1	Кэрол Болдуин
3638	1	Болдуин
3639	1	Бычкова
3640	1	Рембрандт
3641	1	Му Минпу
3642	1	Гуго Винклера
3643	1	Каниш
3644	1	Накаяма
3645	1	Гетеборга
3646	1	Эндрю Франкой
3647	1	Синдарин
3648	1	Мишина
3649	1	Хебба
3650	1	Пиюша Гупты
3651	1	Лухань Ян
3652	1	Дэвид Робинсон
3653	1	Дэвид Скэхилл
3654	1	Икухико
3655	1	Хассан Парванех
3656	1	У. Ф. Граймсом
3657	1	Курмышева
3658	1	Гатов
3659	1	Вольфганг Кеттерле
3660	1	Дурбан
3661	1	Уитакер
3662	1	Брайля
3663	1	Софи Браун
3664	1	Крыловский
3665	1	Хосе Андрес
3666	1	Буш
3667	1	Леон Тахтаджян
3668	1	Эдварда Баркера
3669	1	Макс Дэйви
3670	1	Николай Николаевич
3671	1	Антони
3672	1	Кое-Что
3673	1	Харона
3674	1	Просперетти
3675	1	Джозефом Вегнером
3676	1	Юсеф
3677	1	Максимиллиан
3678	1	Джо Колдуэлл
3679	1	Джулией Кларк
3680	1	Алан Харрис
3681	1	Брайан Беллотт
3682	1	Эммануэль Оноре
3683	1	Юрген Керп
3684	1	Кильского
3685	1	Стивенсона
3686	1	Сазерленда
3687	1	Тугаенко
3688	1	Лина Паланияппан
3689	1	Хоцзюнь Суну
3690	1	Энтони Доссето
3691	1	Холево
3692	1	Фалькатус
3693	1	Сопоцко
3694	1	Мартин Нвийя
3695	1	Нвийя
3696	1	Оссендрайвер
3697	1	Герман Гангер
3698	1	Зигена
3699	1	Мишель Баннистер
3700	1	Пирон
3701	1	Сколтеха Перебейнос
3702	1	Грегори Хенди
3703	1	Девид Киплин
3704	1	Алекс Тичи
3705	1	Джошуа Кляйн
3706	1	Диспергенты
3707	1	Винарский
3708	1	Флорес
3709	1	Антуан Балзо
3710	1	Шарлье
3711	1	Натана Хиллера
3712	1	Ананикова
3713	1	Маргарет Райс
3714	1	Бирмингемского
3715	1	Томаш Бернаж
3716	1	Мариано Пумажулькой
3717	1	Клотц
3718	1	Питера Соллича
3719	1	Грайфсвальд
3720	1	Лайманом Спитцером
3721	1	Алипаша Вазири
3722	1	Ребекка Холмс
3723	1	Карлосом Хамарильо
3724	1	Карлоса Хамарильо
3725	1	Липина
3726	1	Ольборгского
3727	1	Этторе
3728	1	Артур Крамер
3729	1	Элоиза Альвес
3730	1	Эббот
3731	1	Камилло Гольджи
3732	1	Сантьяго
3733	1	Роджера Цяня
3734	1	Куомо
3735	1	Анат
3736	1	Арад
3737	1	Харпера
3738	1	Бременского
3739	1	Хасселтского
3740	1	Дэвид Мартилл
3741	1	Шойке Кингма
3742	1	Стивена Битти
3743	1	Битти
3744	1	Дилис Джонс
3745	1	Патриция Фортини
3746	1	Уильяма Саймондсона
3747	1	Калеб Браун
3748	1	Дональдом Хендерсоном
3749	1	Питера Хьюза
3750	1	Майкла Харнера
3751	1	Хаттон
3752	1	Лэнс Абернетти
3753	1	Карлос Дуарте
3754	1	Дуарте
3755	1	Макнамара
3756	1	Макнамары
3757	1	Оливер Сакс
3758	1	Жак
3759	1	Ричардом Фейнманом
3760	1	Арли Рассел Хоукшилд
3761	1	Энн Мачанг
3762	1	Джейкоба Росси
3763	1	Щербатов
3764	1	Тырса
3765	1	Парето Пуассона
3766	1	Мустафы Адака
3767	1	Ифе
3768	1	Абидеми Бабалола
3769	1	Макнил
3770	1	Брендан Куин
3771	1	Пристонского
3772	1	Питер Гун
3773	1	Понци
3774	1	Джакометти
3775	1	Сенсоры
3776	1	Саймон
3777	1	Энрико Каппеллини
3778	1	Каппеллини
3779	1	Коллинз
3780	1	Юрий Гунько
3781	1	Каана Ирена
3782	1	Киром Великим
3783	1	Даскилеон
3784	1	Металлорганическими
3785	1	Планетами-Сиротами
3786	1	Янез Вайкард Вальвазор
3787	1	Йозеф Лауренти
3788	1	Сашо Вельдт
3789	1	Конаклиев
3790	1	Нильс
3791	1	Криста Макленнан
3792	1	Стив Брасетт
3793	1	Споттисвуд
3794	1	Джефа
3795	1	Корбиниан Бродман
3796	1	Манько
3797	1	Киктенко
3798	1	Альфредо Ортега
3799	1	Акихиро Ватанабе
3800	1	Прапассорн Буссаман
3801	1	Орландо Карвальо
3802	1	Йоханненсбурга
3803	1	Захаров
3804	1	Людвиг Данцер
3805	1	Бранко Грюнбаум
3806	1	Золтан Фюреди
3807	1	Сусуму Тонегава
3808	1	Гуилой Аччеттой
3809	1	Майкл Макэлпайн
3810	1	Рэймонд Мюррей
3811	1	Тремблей
3812	1	Сезара
3813	1	Грегори Вудса
3814	1	Вудс
3815	1	Мессенджер
3816	1	Сарой
3817	1	Мэтт
3818	1	Принса
3819	1	Скриншот Мэтт Кипер
3820	1	Тоан Тханг
3821	1	Томаса Кристиансена
3822	1	Николай Макаров
3823	1	Лоис
3824	1	Чарли
3825	1	Ник Рид
3826	1	Патриком Нанном
3827	1	Макса Кристофер Крупинье
3828	1	Иркут
3829	1	Гризебах
3830	1	Хаус
3831	1	Кейтилин Драммонд
3832	1	Эндрю Хопкинс
3833	1	Эндрю Хопкинса
3834	1	Даджен
3835	1	Тоттори
3836	1	Вэй Луо
3837	1	Зарайского
3838	1	Робертом Зайонцем
3839	1	Джерри Бушер
3840	1	Чарльз Осгуд
3841	1	Маргарет Матлин
3842	1	Дэвида Станга
3843	1	Токусимы
3844	1	Цукубы
3845	1	Кейси Осакабе
3846	1	Николаса Бентеля
3847	1	Найджела Блейми
3848	1	Неоднократно
3849	1	Мэтью Краммел
3850	1	Виллас
3851	1	Устинов
3852	1	Аретей
3853	1	Стенли
3854	1	Якоб Шарвит
3855	1	Гросвенор
3856	1	Инноченцо
3857	1	Рафаэля
3858	1	Анники Ларссон
3859	1	Сергушичев
3860	1	Медиа-Эксперты
3861	1	Дэн Чао
3862	1	Вули
3863	1	Грегори Лемке
3864	1	Глей
3865	1	Норин Голдмэн
3866	1	Натаниэль Уотсон
3867	1	Паламед
3868	1	Артуро Иссель
3869	1	Гиоргоса Лелудаса
3870	1	Морган Фрейзер
3871	1	Карла Бэттэмса
3872	1	Л. Скотт
3873	1	Миллз
3874	1	Месопотамии
3875	1	Угур Шахин
3876	1	Хосфелд
3877	1	Ричард Робертс
3878	1	Жорез Алферов
3879	1	Коммандер Михо Отани
3880	1	Менделеев
3881	1	Шнобелевской
3882	1	Шнобелевки
3883	1	Чарльз Фостер
3884	1	Ахмедом Шафиком
3885	1	Сергей Шейко
3886	1	Рэнди Матчетт
3887	1	Чурюмова Герасименко
3888	1	Шаньси
3889	1	Иржи
3890	1	Янлине
3891	1	Николасом Бломбергеном
3892	1	Памира
3893	1	Язгулям
3894	1	Хрусталев
3895	1	Джеймсом Альфредом Ван Алленом
3896	1	Кертис Макмуллен Макамел Алекс Райт
3897	1	Алекс Скин
3898	1	Макмуллен Макамел
3899	1	Райт
3900	1	Герард Герлинский
3901	1	Гжегошем Недзведзким
3902	1	Генриха Франсуа
3903	1	Амиас Паулет
3904	1	Хиллиарду
3905	1	Сюзанна
3906	1	Герад Лапут
3907	1	Маттиаса Якобсона
3908	1	Маттиас Якобсон
3909	1	Игорь Тирский
3910	1	Веттер
3911	1	Джеффри Гилфиллан
3912	1	Куньмине
3913	1	Гао
3914	1	Хьятта
3915	1	Ауди
3916	1	Хелен Хоббс
3917	1	Ян Агол
3918	1	Мебиусом
3919	1	Криса Скотта
3920	1	Риверсайде
3921	1	Спитлер
3922	1	Монтфорта
3923	1	Лестерского
3924	1	Иллер
3925	1	Бейер
3926	1	Эндрю Майлз
3927	1	Маккуори
3928	1	Джесси Касаной
3929	1	Махендрапарваты
3930	1	Найджела Браша
3931	1	Алана Штерна
3932	1	Джоунза
3933	1	Рори Аронсон
3934	1	Михаэль
3935	1	Бэйханского
3936	1	Кристиана Фигерес
3937	1	Френсис Ладлоу
3938	1	Майкл Моран
3939	1	Юлиуса Галлервордена
3940	1	Йозеф Менгеле
3941	1	Жуковского
3942	1	Эммануэль Шарпетье
3943	1	Эрик Лендер
3944	1	Яни Мантюярви
3945	1	Стивена Поропата
3946	1	Туллио Ломбардо
3947	1	Кьюриосити
3948	1	Корнуолла
3949	1	Мэри Червински
3950	1	Андреа Полкаро
3951	1	Лэнс Макбрэйер
3952	1	Паскаль Уоллиш
3953	1	Фергюсон
3954	1	Фергюсона
3955	1	Рэндалл Джонсон
3956	1	Коуберн
3957	1	Пермского
3958	1	Земляновой
3959	1	Джеймс Гофф
3960	1	Кевина
3961	1	Майкл Эмерсон
3962	1	Гейдельбергского
3963	1	Уэллсли
3964	1	Дмитрия Гилярова
3965	1	Урсула Гибсон
3966	1	Эрез
3967	1	Такааки Кадзите
3968	1	Артур
3969	1	Минобрнауки
3970	1	Томсона
3971	1	Политех
3972	1	Ясницкий
3973	1	Оденсе
3974	1	Гетебурга
3975	1	Ефремов
3976	1	Поулем Оле Фангером
3977	1	Шлеттера
3978	1	Эйприл Ноуэлл
3979	1	Блог Яндекса Яндекс
3980	1	Насыров
3981	1	Баранкина
3982	1	Маршалла
3983	1	Ричард Нистофф
3984	1	Хэссан
3985	1	Хайфе
3986	1	Эдж
3987	1	Петра Волффс
3988	1	Кыргызстана
3989	1	Йозефом Петцвалем
3990	1	Брайан Кржанич
3991	1	Пухов
3992	1	Паскини
3993	1	Иццо
3994	1	Хаус Дэвида Шора
3995	1	Айлс
3996	1	Стива Уолла
3997	1	Нейлом Роучем
3998	1	Деян Стойкович
3999	1	Аншул Саини
4000	1	Стойковича
4001	1	Саини
4002	1	Ник Муни
4003	1	Кеннона Шелдона
4004	1	Ридл
4005	1	Брент Харрисон
4006	1	Расс Тэйлор
4007	1	Мэтью
4008	1	Чэд Шпигель
4009	1	Осаму Симомура
4010	1	Симомура
4011	1	Сикомура Чалфи
4012	1	Тсиен
4013	1	Дугласа Экка
4014	1	Марек
4015	1	Криовулканы
4016	1	Уильям Спаркс
4017	1	Фридрихом Альбатом
4018	1	Лаутербур
4019	1	Сиэттле
4020	1	Фальтингс
4021	1	Марио Ливио
4022	1	Майклу Огеру
4023	1	Огер
4024	1	Сергей Гащак
4025	1	Висконсине
4026	1	Плахов
4027	1	Тихоновым
4028	1	Мануэлем Швейцером
4029	1	Рэнди Флейдбоу
4030	1	Аузана
4031	1	Еськова
4032	1	Парнеса
4033	1	Павел Глотов
4034	1	Тодд Хестер
4035	1	Кларка
4036	1	Джеффри Гроссмана
4037	1	Чжан Мимань
4038	1	Маргрит
4039	1	Гаплогруппами
4040	1	Гишан Шерен
4041	1	Ингрид Файе
4042	1	Накагавы
4043	1	Ватсон Ленфильм
4044	1	Дэвидсона
4045	1	Винтерс
4046	1	Ближневосточного
4047	1	Роберт Бильман
4048	1	Андерс Хеденстрем
4049	1	Жаки Вуд
4050	1	Эци
4051	1	Роберта Лискомба
4052	1	Пэт Дракенмиллер
4053	1	Аляски
4054	1	Грегори Эриксон
4055	1	Флорида
4056	1	Стив Симпсон
4057	1	Розанна Каннингем
4058	1	Натан
4059	1	Лепора
4060	1	Трентон Ясуи
4061	1	Слатерса
4062	1	Слатерс
4063	1	Ричард Аркулус
4064	1	Иоханнесбургского
4065	1	Скиннера
4066	1	Малапа
4067	1	Джастина
4068	1	Черепанов
4069	1	Черепанова
4070	1	Ван Юэцзянь
4071	1	Хань Бин
4072	1	Оскаром Уайльдом
4073	1	Иммануила
4074	1	Сонгюнгван
4075	1	Остенде
4076	1	Зеебрюге
4077	1	Рембрандта Хорстом Джерсоном
4078	1	Эрнст
4079	1	Кертис Купер
4080	1	Джареда Стабака
4081	1	Хансакер
4082	1	Стефани Гил
4083	1	Роберт Брукс
4084	1	Гэри
4085	1	Чеславом Щчисловским
4086	1	Скотта Болтона
4087	1	Болтон
4088	1	Брюс Вальдман
4089	1	Дьюкам
4090	1	Зэкери Терпин
4091	1	Уитмен
4092	1	Ватсоном
4093	1	Томасом Крюйером
4094	1	Цинь
4095	1	Цинь Шихуанди
4096	1	Манекены-Дети
4097	1	Грэм
4098	1	Каллисто
4099	1	Годдарда Гевин Шмидт
4100	1	Марио Аджио
4101	1	Дмитрия Федянина
4102	1	Онегин Сергеевич
4103	1	Гомера Феокрита
4104	1	Мэтт Троу
4105	1	Мотор-Колесо
4106	1	Японец Ацуси Симидзу
4107	1	Латтанце
4108	1	Микола Ковалюк
4109	1	Интегративной Нанонауки
4110	1	Такэси Имамура
4111	1	Алисой
4112	1	Кауаи Зенона Вонга Клеопатры
4113	1	Дионой
4114	1	Аквапорины
4115	1	Баранова
4116	1	Бенджамин Теноэвер
4117	1	Аланом Реффеллом
4118	1	Пэйдун Яна
4119	1	Крайстчерч
4120	1	Перлмуттером Шмидтом
4121	1	Райсом
4122	1	Генрик Йонссон
4123	1	Дьякова
4124	1	Мальме
4125	1	Себастиа Мунар
4126	1	Тима Николса
4127	1	Мартин
4128	1	Барбара Лорбер
4129	1	Денисова
4130	1	Чэлландс
4131	1	Селама
4132	1	Кристофером Киари
4133	1	Джереми Остин
4134	1	Суортмор-Колледжа
4135	1	Рональд Грэм
4136	1	Бенджамина Шаппи
4137	1	Рюдигера Глазера
4138	1	Абдулаев
4139	1	Игорь Денисов
4140	1	Петра Гайдукова
4141	1	Клемсона
4142	1	Майкла Ферро
4143	1	Гейнсвилле
4144	1	Стефана Ротенберга
4145	1	Нильссен
4146	1	Томас Ньюсом
4147	1	Томаса Ньюсома
4148	1	Кевин
4149	1	Шаенко
4150	1	Элейн Трехарн
4151	1	Городецким
4152	1	Осаки
4153	1	Тибы
4154	1	Эллисон Дейли
4155	1	Гленн Фоард
4156	1	Кадырова
4157	1	Даниэль
4158	1	Габеленца
4159	1	Форкер
4160	1	Гидрогель
4161	1	Норберто Лопеса
4162	1	Анри Лоретта
4163	1	Шенк
4164	1	Антипова
4165	1	Роберт Лангер
4166	1	Мэтью Бэмптон
4167	1	Кристиан Кенфилд
4168	1	Лэнса
4169	1	Даниэль Жаке
4170	1	Даниэля Жаке
4171	1	Ричард Хендерсон
4172	1	Жак Дюбоше
4173	1	Шона Аарона
4174	1	Пизона
4175	1	Роберт Фаулер
4176	1	Джефф Рэйсман
4177	1	Павел Табаков
4178	1	Эндон Плачек
4179	1	Кай
4180	1	Севастьянова
4181	1	Хью Льюис
4182	1	Мегасозвездия
4183	1	Дональд Кесслер
4184	1	Нового Сюзанна Хенд
4185	1	Алпер Бозкерт
4186	1	Бозкерта
4187	1	Джуди Цю
4188	1	Эрик Йоханнессен
4189	1	Вагенингенского
4190	1	Органы-На-Чипе
4191	1	Эвин
4192	1	Сары Робертсон
4193	1	Стивен Шевелл
4194	1	Дитон
4195	1	Клавери
4196	1	Швейцарцы
4197	1	Фотобумагу
4198	1	Дидье Питте
4199	1	Кристиан Кристиансен
4200	1	Лундбека Эске Виллерслев
4201	1	Сатоси Иде
4202	1	Саймоном Уингом
4203	1	Райдер
4204	1	Мейснера
4205	1	Гиральд Камбрийский
4206	1	Адольфо Камбиасо
4207	1	Алан Микер
4208	1	Микер
4209	1	Кэтрин Хинрикс
4210	1	Алана Стерна
4211	1	Фредерик
4212	1	Гутинеля
4213	1	Стива Симпсона
4214	1	Лекса Фридмана
4215	1	Буниной
4216	1	Власюка
4217	1	Шарль Фредерик Жерар
4218	1	Харфордширского
4219	1	Ричард Эшдаун
4220	1	Роберт Уитвелл
4221	1	Пилат
4222	1	Хабблом
4223	1	Маттиаса Шеделя
4224	1	Уильям Дженсен
4225	1	Криворучко
4226	1	Дэниэла Ксепки
4227	1	Аллейн
4228	1	Ретт Аллейн
4229	1	Гульельме Амонтону
4230	1	Беликов
4231	1	Агнер Эрланг
4232	1	Нику Лонгричу
4233	1	Ник Лонгрич
4234	1	Крис Армсон
4235	1	Этьеном Эмоньером
4236	1	Анри Пармантье
4237	1	Пьер Дюпон
4238	1	Элизабет Болунд
4239	1	Фактума
4240	1	Фактуму
4241	1	Монаша Джоэл Брюггер
4242	1	Андреа Феррары
4243	1	Пленку-Экран
4244	1	Тальковского
4245	1	Леонардо
4246	1	Сариты Фрэнсис
4247	1	Леви Шталь
4248	1	Хэйес
4249	1	Йоханной Мейер
4250	1	Франческо Массаро
4251	1	Раффаэль
4252	1	Блазары
4253	1	Стив Ларсон
4254	1	Ричард Блейкмор
4255	1	Франкенштейн
4256	1	Франклина
4257	1	Жана Монне
4258	1	Джастин Макдональд
4259	1	Олафа Каснера
4260	1	Крейг Вентер
4261	1	Гвинн Шотвелл
4262	1	Октокоптер
4263	1	Джорджа Фокса
4264	1	Дэвида Катца
4265	1	Томаса Картледжа
4266	1	Павлова
4267	1	Мэттью Диснея
4268	1	Джетами
4269	1	Лао
4270	1	Крис Фейн
4271	1	Чиполлини
4272	1	Мэрион Доуд
4273	1	Павел Медведев Сергей Сазонов
4274	1	Марат Гильфанов
4275	1	Иоганна Кеплера
4276	1	Андерс
4277	1	Дэвида Райха
4278	1	Клинов
4279	1	Дэррол Олсен
4280	1	Брайан Рандл
4281	1	Билла
4282	1	Мелинды Гейтс
4283	1	Степан Водопьянов
4284	1	Портлендского
4285	1	Руэдас
4286	1	Юрченко Павел Добрынин
4287	1	Макунин
4288	1	Николая Формозова
4289	1	Буздин
4290	1	Дэниэл Пердомо
4291	1	Шмелев
4292	1	Эгелюнг Сигсгорд
4293	1	Зе
4294	1	Премьер-Министр Сянь Премьер-Министр Сянь
4295	1	Холбрук
4296	1	Филиппа Хоскин
4297	1	Тим Маллен
4298	1	Кристиан
4299	1	Т. Шрилакшми
4300	1	Николенко
4301	1	Менделеевий
4302	1	Майкл Келли
4303	1	Кашлинский
4304	1	Сары Хантер
4305	1	Стюарт Оркин
4306	1	Чи
4307	1	Криса Йохансона
4308	1	Джексона
4309	1	Яна
4310	1	Шаньдун
4311	1	Виндоланды Эндрю Бирли
4312	1	Тана
4313	1	Джин Твендж
4314	1	Мадс Христиан Христенсен
4315	1	Аламбера
4316	1	Курси
4317	1	Коэн
4318	1	Юрием Синичкиным Титовым
4319	1	Гребенюком
4320	1	Рябинского
4321	1	Памела Манро
4322	1	Пибоди Харрингтона
4323	1	Измир
4324	1	Амит
4325	1	Хидеюки Савада
4326	1	Фредерик Хансельманн
4327	1	Мелани Дамур
4328	1	Фрэнк Дрейк
4329	1	Цюнь
4330	1	Сколковского
4331	1	Ферми
4332	1	Филипп Шмитт
4333	1	Горделия
4334	1	Аахена
4335	1	Эрнст Бамберг
4336	1	Данилов
4337	1	Скринский
4338	1	Исаму Акасаки Хироши Амано
4339	1	Оганов
4340	1	Уильям Морнер Штефан Хелль
4341	1	Джанга
4342	1	Иво
4343	1	Нагои
4344	1	Лукас Кьеза
4345	1	Пэнху
4346	1	Дэниэл Смит
4347	1	Мэтью Лонг
4348	1	Лонг
4349	1	Лу Хоуюаня
4350	1	Райнер Чихон
4351	1	Нерик
4352	1	Майка Эдмундса
4353	1	Иоганн Бекерс
4354	1	Рюкю
4355	1	Кагосимы
4356	1	Фрейзер Стоддарт
4357	1	Клер Браун
4358	1	Зильбербод
4359	1	Дионисия
4360	1	Датировка
4361	1	Джессика Гилл
4362	1	Лине Олесен
4363	1	Джеймс Вествуд
4364	1	Берт
4365	1	Джеф Макадамс
4366	1	Бенджамин Рамассами
4367	1	Субраманьяном Чандрасекаром
4368	1	Мастроянни
4369	1	Агостино Басси
4370	1	Мартина Хаспельмата
4371	1	Лакшминат Кунданати
4372	1	Венустуса
4373	1	Лив
4374	1	Орлов
4375	1	Микукки
4376	1	Нью Брунсвика
4377	1	Артем
4378	1	Леся Трабет
4379	1	Вигнер
4380	1	Мэйна
4381	1	Итана Моллика
4382	1	Джереми Шниттман
4383	1	Еленин
4384	1	Томаш Каминьски
4385	1	Эндрю Уайлсу
4386	1	Уайлс
4387	1	Нильса Абеля
4388	1	Сю Син
4389	1	Тайс Эттема
4390	1	Джеймс Макинерни
4391	1	Тертиуса Чандлера
4392	1	Джорджа Модельски
4393	1	Чандлер
4394	1	Гэри Бориси
4395	1	Нуралиев
4396	1	Стюарт Нун
4397	1	Луис
4398	1	Мери
4399	1	Сукмюн
4400	1	Йонсей
4401	1	Хиллард Каплан
4402	1	Дэвид Стивенсон
4403	1	Дункан Хокинс
4404	1	Ионистор
4405	1	Уоттерса
4406	1	Радиотелескоп
4407	1	Полякова
4408	1	Майка Брауна
4409	1	Индейцы-Чимане
4410	1	Океанприбор
4411	1	Эратосфена
4412	1	Питер Уильямс
4413	1	Туэйтес
4414	1	Байорат
4415	1	Нэй
4416	1	Ротем Сорек
4417	1	Майкла Смита
4418	1	Соном
4419	1	Дэвид Айрон
4420	1	Флемминга Кауля
4421	1	Карфагеном
4422	1	Мартином Миллетом
4423	1	Юрия Цолаковича Оганесяна
4424	1	Нихоний
4425	1	Алехандро Крамарс
4426	1	Иллиада
4427	1	Гомера
4428	1	Леонард
4429	1	Рэйчел Дейл
4430	1	Джошуа
4431	1	Давид Гандолфи
4432	1	Сулейман
4433	1	Тюрбек
4434	1	Сигетвара Янош Колович
4435	1	Артема Оганова Сянфэна Чжоу
4436	1	Сянфэном Чжоу
4437	1	Милонас
4438	1	Ютта Строшек
4439	1	Мейтленд
4440	1	Франусаза Хендерсон
4441	1	Каролины Стэнфорда
4442	1	Феликса Шурманна
4443	1	Маргетс
4444	1	Петер Маковикий
4445	1	Эрона Вернера
4446	1	Эрик Эрвитт
4447	1	Циклопентадиенон
4448	1	Хохлов
4449	1	Нигматулина
4450	1	Артур Эддингтон
4451	1	Озимек
4452	1	Тирион
4453	1	Мейс Тирелл
4454	1	Софи Боксберже
4455	1	Иова
4456	1	Итем
4457	1	Алекса Паркера
4458	1	Давид Тепфер
4459	1	Лич
4460	1	Букингема
4461	1	Радбуда Голландия
4462	1	Беркли Хартвига
4463	1	Кристиан Хэммонд
4464	1	Хуаном Гуаясамином
4465	1	Маркос Хименес
4466	1	Аареф Хилали
4467	1	Бард-Колледже
4468	1	Сандерсона
4469	1	Джек Уилсон
4470	1	Кейт Сандерс
4471	1	Сандерс
4472	1	Кшевецкий
4473	1	Терухико Вакаяма
4474	1	Бруно Булестена
4475	1	Чоудхури
4476	1	Солнцева
4477	1	Зайниев
4478	1	Леванта
4479	1	Сюй
4480	1	Юрием Штыровым
4481	1	Мишель Сегонзак
4482	1	Хаага
4483	1	Игорь Курукин
4484	1	Аэрогидродинамика
4485	1	Мэннинга
4486	1	Сноу
4487	1	Хасиса
4488	1	Лорен Бокер
4489	1	Бокер
4490	1	Никола Пирасту
4491	1	Стивена Сталера
4492	1	Ричард Мюллер
4493	1	Волжской Булгарии
4494	1	Цубаса Кохияма
4495	1	Кохияма
4496	1	Орхусского
4497	1	Чингиз-Хана
4498	1	Флори
4499	1	Николас Опи
4500	1	Томаса Фрица
4501	1	Сергеев
4502	1	Нигматуллин
4503	1	Элизабет Мерчисон
4504	1	Анне Кейтель
4505	1	Ларри Робертса
4506	1	Ян Хэмлинг
4507	1	Иеллоустоун
4508	1	Саммерфильд
4509	1	Бенджамина Абеллы
4510	1	Эймса
4511	1	Сирил Грютер
4512	1	Антонинианы
4513	1	Хьюго Допплер
4514	1	Малькольм Мартин
4515	1	Констаном
4516	1	Суперскрученными
4517	1	Николас Гисин
4518	1	Холмс
4519	1	Ребекки Холмс
4520	1	Руффорд
4521	1	Кеплер Чарли Собек
4522	1	Доминик Шварц
4523	1	Уильям Ньюболд
4524	1	Роджера
4525	1	Гентского
4526	1	Эдуард Сепир
4527	1	Моника Деангелис
4528	1	Негеве
4529	1	Сэм Шеффер
4530	1	Сэма Шеффера
4531	1	Швингер Фейнман
4532	1	Томонага
4533	1	Алабуга
4534	1	Росморпорта
4535	1	Андре Кампос
4536	1	Бондар
4537	1	Дженнифер Харун
4538	1	В. П. Толстиков
4539	1	М. Б. Муратова
4540	1	Муравей-Портной Иоахим Оффенберг
4541	1	Эмануэле Кастано
4542	1	Фабьен
4543	1	Эдвард Сноуден
4544	1	Мишель Герван
4545	1	Джакопо Буонджорно Майкл Голэй
4546	1	Нид Тодреас
4547	1	Саха
4548	1	Мета-Терфенил
4549	1	Серхио Гомеса
4550	1	Теотиукана
4551	1	Барт Коппенс
4552	1	Джошуа Шифман
4553	1	Гладышев
4554	1	Гельмгольц
4555	1	Бауч
4556	1	Джин Чжаном
4557	1	Элиасом
4558	1	Уиллоуби
4559	1	Феличе Винчи
4560	1	Тим Северин
4561	1	Уильяма
4562	1	Ефим Хазин
4563	1	М. М. Герасимовым
4564	1	Макариос
4565	1	Великого
4566	1	Розеттским
4567	1	Измайловича
4568	1	Патрика
4569	1	Райан Дэрби
4570	1	Дэвид Каплан
4571	1	Сундар Пичаи
4572	1	Скайнет
4573	1	Эндрю Сторфер
4574	1	Фредрика
4575	1	Питер Грейс
4576	1	Кена Шенке
4577	1	Исайи
4578	1	Подольский
4579	1	Арнольд
4580	1	Симона Моретта
4581	1	Теннеси Доуни Стэдмен
4582	1	Кэролайн Уилкинсон
4583	1	Корри
4584	1	Бенджамин
4585	1	Ахилеша Редди
4586	1	Табета Бояджян
4587	1	Табеты Бояджяни
4588	1	Штыровым
4589	1	Научно-Исследовательское
4590	1	Лоуренса Уитмера
4591	1	Кеннета Роуза
4592	1	Гастон Планте
4593	1	Эдвард
4594	1	Эггль
4595	1	Попп
4596	1	Бен Поттер
4597	1	Колумбина
4598	1	Гордон Уоллес
4599	1	Вуллонгонг
4600	1	Руперт Герзер
4601	1	Герзер
4602	1	Владлена
4603	1	Нэнси Канвишер
4604	1	Мелинды
4605	1	Баратунде
4606	1	Джеффри Безос
4607	1	Сюзанны Бикель
4608	1	Грэм Янг
4609	1	Адриан
4610	1	Найджел Хитчин
4611	1	Дэниел Рейх
4612	1	Балдуин
4613	1	Модены
4614	1	Курчатовского
4615	1	Тони Уилмоттом
4616	1	Иэном Хэйнсом
4617	1	Джордж Хоц
4618	1	Перельман
4619	1	Игорем
4620	1	Бена Феринга
4621	1	Беринга
4622	1	Грасси
4623	1	Эндрю Шварц
4624	1	Яэль
4625	1	Найджела Ларкина
4626	1	Веденеев
4627	1	Гилярова
4628	1	Кристофом Эгертером
4629	1	Катанаев
4630	1	Мишель Киллен
4631	1	Джулия Кларк
4632	1	Йорга Ганцхорна
4633	1	Катаби
4634	1	Фаделем Адибом
4635	1	Тихонов
4636	1	Марек Флорек
4637	1	Мартин Флорек
4638	1	Райану Мареку
4639	1	Майклу Бентону
4640	1	Лоран
4641	1	Г. Ф. Дебец
4642	1	Дирк Гориссен
4643	1	Джанин Дикин
4644	1	Константинос Сисманидис
4645	1	Константиноса
4646	1	Дэвида Мерритта
4647	1	Тобиас Киппенберг
4648	1	Шеймас
4649	1	Сэм Мур Каммингс
4650	1	Колин Ричардс
4651	1	Шеймаса
4652	1	Ян Вэй
4653	1	Цзян Вэньлай
4654	1	Кевина Паркера
4655	1	Суньцзинь
4656	1	Бэлоровского
4657	1	Ликии
4658	1	Хаммершмидт
4659	1	Калашников
4660	1	Алекс Браун
4661	1	Роберт Слоун
4662	1	Эндрю Муллена
4663	1	Чже
4664	1	Шеньцян
4665	1	Дженифер Биддл
4666	1	Энтони Фаучи
4667	1	Томаса Хейвуда
4668	1	Гебрией Харви
4669	1	Джордж Стаббс
4670	1	Роберт Хеймен
4671	1	Габриеле Салех
4672	1	Артем Оганов
4673	1	Вайтеме
4674	1	Дуглас Крулл
4675	1	Дэвид Силвера
4676	1	Томпсон
4677	1	Роберта Фрея
4678	1	Каролины Джоди Магнесс
4679	1	Кохей Танака
4680	1	Дарла Зелински
4681	1	Манро
4682	1	Роквелла
4683	1	Дьердь Хетеньи
4684	1	Пхунтсхо
4685	1	Большакова
4686	1	Росавтодор
4687	1	Томко
4688	1	Б. Сухбаатар
4689	1	Гоффина
4690	1	Френсиса Халзена
4691	1	Маппеты
4692	1	Тимоти Роуэлл
4693	1	Роспотребнадзора
4694	1	Саха Якутия
4695	1	Иннокентий Павлов
4696	1	Альберта Протопопова
4697	1	Биня Хэ
4698	1	Рудольф Танзи
4699	1	Рудольфа Танзи
4700	1	Кобе Кенджи Суетсугу
4701	1	Такаоми Сугимото
4702	1	Джонс
4703	1	Воронин
4704	1	Элиша Сигмон
4705	1	Генриху
4706	1	Сергей Грудинин
4707	1	Малевичем
4708	1	Брюкнера
4709	1	Йорг Виденманн
4710	1	Федерико Антинори
4711	1	Роберта Уэйна
4712	1	Томас Стидхэм
4713	1	Донохью
4714	1	Лиор Шамир
4715	1	Феофанова
4716	1	Седарс Синай
4717	1	Патрисия Сазерленд
4718	1	Патрисии Сазерленд
4719	1	Тимоти Маккой
4720	1	Уолтером Бааде
4721	1	Джул
4722	1	Пьера Оже
4723	1	Блю
4724	1	Аттилио Ривольдини
4725	1	Резерфорда
4726	1	Трибендиса
4727	1	Квадрелли
4728	1	Чжуньгуй
4729	1	Юаньдун Тянь
4730	1	Янь Чжу Ратгерский
4731	1	Вацлав Блажек
4732	1	Грэм Кук
4733	1	Бингемтоне
4734	1	Асгари
4735	1	Шютце
4736	1	Юты Марианна Ди Паоло
4737	1	Конди
4738	1	Питер Кэвуд
4739	1	Родинии Кэвуд
4740	1	Трэвиса Бермана
4741	1	Дэн Теан
4742	1	Наноантенна
4743	1	Умерший
4744	1	Свифта Туттля
4745	1	Джованни Скиапарелли
4746	1	Стефаном Элледжем
4747	1	Стив
4748	1	Ноамом Альперином
4749	1	Хубертуса Фишера
4750	1	Хосе Мартинез Карранза
4751	1	Хендрикс
4752	1	Наталья Войтенкова
4753	1	Геогриоса Йанакакиса
4754	1	Петром Виделкой
4755	1	Стюарт Паркин
4756	1	Паркина
4757	1	Сесилии Мейдель
4758	1	Майкл Петралия
4759	1	Олега Третьякова
4760	1	Скриппса Аарон Тоуд
4761	1	Окаямы
4762	1	Роборука
4763	1	Безрукова
4764	1	Стефано Аллесина
4765	1	Якопо Грилли
4766	1	Джузеппе Николао
4767	1	Дэвид Квеллер
4768	1	Кейджа Крампа
4769	1	Хидео Канеко
4770	1	Мицудзане
4771	1	Канеко
4772	1	Ксавье Бонфи
4773	1	Девид Несворни
4774	1	Ковер-Самолет
4775	1	Приматологи
4776	1	Франческо Галасси
4777	1	Гаем Брантоном
4778	1	Гертрудой
4779	1	Морозова
4780	1	Осакского
4781	1	Орто-Диэтинилбензол
4782	1	Конрада Лоренца
4783	1	Фабьен Серьер
