	Term	Freq
0	марс	37
1	орбита	28
2	робот	22
3	гравитация	20
4	космонавт	19
5	галактика	16
6	ноль	15
7	астронавт	15
8	мкс	13
9	иллюстрация	13
10	гипотеза	13
11	фантастика	12
12	разработчик	11
13	астероид	11
14	днк	11
15	биология	11
16	вакуум	11
17	нас	11
18	бактерия	10
19	электрон	10
20	астроном	10
21	запуск	10
22	колония	9
23	протон	9
24	прототип	9
25	комета	9
26	скафандр	9
27	вычисление	9
28	тяга	9
29	ускорение	9
30	колонизация	9
31	интерстеллар	9
32	фотон	8
33	интерфейс	8
34	лазер	8
35	выращивание	8
36	венера	8
37	киборг	8
38	кат	8
39	полюс	8
40	обнаружение	8
41	инопланетянин	8
42	модуль	8
43	программист	8
44	телескоп	7
45	водород	7
46	биолог	7
47	невесомость	7
48	предсказание	7
49	ловушка	7
50	перемещение	7
51	колонист	7
52	титан	7
53	излучение	7
54	смартфон	6
55	интеллект	6
56	гамма	6
57	сценарист	6
58	энтузиаст	6
59	грунт	6
60	изобретатель	6
61	прима	6
62	сми	6
63	спецэффект	6
64	радиация	6
65	вращение	6
66	обломок	6
67	электроника	6
68	нейрон	5
69	алюминий	5
70	выброс	5
71	сатурн	5
72	траектория	5
73	индустрия	5
74	кипа	5
75	выживание	5
76	нанотехнология	5
77	метан	5
78	аналогия	5
79	борис	5
80	цельсий	5
81	утопия	5
82	квадрат	5
83	сатира	5
84	экватор	5
85	вектор	5
86	диагностика	5
87	кратер	5
88	задержка	5
89	шкала	5
90	азот	5
91	окрестность	5
92	генетик	5
93	содержимое	5
94	автостоп	5
95	микрогравитация	5
96	избыток	5
97	парадокс	5
98	юпитер	5
99	белка	4
100	максимум	4
101	комбинация	4
102	оазис	4
103	альтернатива	4
104	диаграмма	4
105	отправка	4
106	выдумка	4
107	эдинбург	4
108	регуляция	4
109	червоточина	4
110	плутон	4
111	тренд	4
112	астрономия	4
113	суша	4
114	углерод	4
115	экзотика	4
116	фермент	4
117	мутация	4
118	мегаполис	4
119	соцсеть	4
120	патент	4
121	имплантат	4
122	фиоп	4
123	датчик	4
124	электрод	4
125	таяние	4
126	прочность	4
127	тор	4
128	парашют	4
129	мозги	4
130	робототехника	4
131	длительность	4
132	биотехнология	4
133	нейтрон	4
134	вашингтон	4
135	протез	4
136	обзор	4
137	бак	4
138	фэнтези	4
139	визуализация	4
140	зонд	4
141	пульс	4
142	детектор	4
143	голливуд	4
144	добавление	4
145	графика	4
146	бесконечность	4
147	док	4
148	кривой	4
149	гермес	4
150	перенос	4
151	абстракция	4
152	хаос	4
153	аналог	4
154	меркурий	4
155	письменность	4
156	принтер	4
157	динозавр	3
158	классификация	3
159	дизайнер	3
160	мор	3
161	наклон	3
162	град	3
163	постулат	3
164	макфлай	3
165	коммуникация	3
166	экранизация	3
167	телепатия	3
168	переключатель	3
169	вулкан	3
170	узи	3
171	расшифровка	3
172	осознание	3
173	планшет	3
174	испарение	3
175	сервис	3
176	энергопотребление	3
177	цилиндр	3
178	случайность	3
179	притяжение	3
180	реалист	3
181	прокат	3
182	айтишник	3
183	симуляция	3
184	массив	3
185	глагол	3
186	математик	3
187	промежуток	3
188	бомбардировка	3
189	видеоролик	3
190	плазма	3
191	концепт	3
192	встраивание	3
193	европеец	3
194	предлог	3
195	аналитик	3
196	монтаж	3
197	презентация	3
198	криптовалюта	3
199	подключение	3
200	кинопоиск	3
201	помеха	3
202	синоним	3
203	эукариот	3
204	программирование	3
205	кб	3
206	теоретик	3
207	непредсказуемость	3
208	бездна	3
209	ягненок	3
210	жестокость	3
211	катушка	3
212	стругацкий	3
213	транзистор	3
214	антиутопия	3
215	моллюск	3
216	индекс	3
217	употребление	3
218	деление	3
219	прочтение	3
220	эпидемия	3
221	слияние	3
222	микроорганизм	3
223	экология	3
224	терминатор	3
225	реалистичность	3
226	обезьяна	3
227	футуролог	3
228	осадки	3
229	уточнение	3
230	воронка	3
231	аспирант	3
232	наблюдатель	3
233	компетенция	3
234	обозначение	3
235	интеграция	3
236	насос	3
237	растениеводство	3
238	космология	3
239	кремний	3
240	мобильность	3
241	яйцеклетка	3
242	вторжение	3
243	сплав	3
244	манер	3
245	загрязнение	3
246	биосфера	3
247	биохимик	3
248	старение	3
249	насыщение	3
250	клон	3
251	оптимизм	3
252	внутренность	3
253	нит	3
254	олово	3
255	прибытие	3
256	поселение	3
257	шлюз	3
258	конфигурация	3
259	вымысел	3
260	охлаждение	3
261	карусель	3
262	упоминание	3
263	маркер	3
264	метеорит	3
265	тоннель	3
266	пробирка	3
267	сварка	3
268	периферия	3
269	медь	3
270	хабрахабер	3
271	купол	3
272	миллиметр	3
273	интенсивность	3
274	задачка	3
275	шаблон	3
276	стресс	3
277	продвижение	3
278	разгерметизация	3
279	штык	3
280	сражение	3
281	вымирание	3
282	опухоль	3
283	прокариот	3
284	передвижение	3
285	повреждение	3
286	плюс	3
287	воспроизведение	3
288	реголит	3
289	информатика	3
290	абсурд	3
291	формат	3
292	разгон	3
293	афиша	3
294	биоинженер	3
295	микрометеорит	3
296	ньютон	3
297	гибрид	3
298	онкология	3
299	хайнлайн	3
300	рентген	3
301	рая	3
302	аппаратура	3
303	санкция	3
304	артефакт	3
305	стимуляция	3
306	планирование	3
307	проводник	3
308	невозможность	3
309	гром	3
310	яркость	3
311	звездолет	3
312	углеводород	3
313	киноиндустрия	3
314	толщина	3
315	митохондрия	3
316	конкурентоспособность	3
317	парус	3
318	прогнозирование	3
319	луноход	3
320	редкость	3
321	динамик	3
322	подсчет	3
323	кака	3
324	генетика	3
325	оттаивание	2
326	центрифуга	2
327	прикидка	2
328	творец	2
329	осязание	2
330	словосочетание	2
331	определенность	2
332	соя	2
333	апокалипсис	2
334	обрыв	2
335	р	2
336	порошок	2
337	бродская	2
338	мохава	2
339	киношник	2
340	ада	2
341	цемент	2
342	составление	2
343	спорщик	2
344	криптография	2
345	процветание	2
346	скейт	2
347	повелевание	2
348	матрица	2
349	погон	2
350	манипулятор	2
351	доработка	2
352	рецептор	2
353	горизонталь	2
354	индивидуализация	2
355	забава	2
356	вечеринка	2
357	просвещение	2
358	хроматин	2
359	прошедшее	2
360	башкортостан	2
361	борг	2
362	трепет	2
363	бурение	2
364	склонность	2
365	веб	2
366	калькулятор	2
367	инструктор	2
368	размножение	2
369	почет	2
370	кровоток	2
371	пик	2
372	передатчик	2
373	детектив	2
374	удаление	2
375	подлет	2
376	обогрев	2
377	гуманоид	2
378	взаимоотношение	2
379	трансгуманизм	2
380	шаттлы	2
381	карантин	2
382	функциональность	2
383	айфон	2
384	колонизатор	2
385	радиоволна	2
386	скептицизм	2
387	тв	2
388	обливиона	2
389	теплота	2
390	метастаз	2
391	ненадобность	2
392	глюон	2
393	отметка	2
394	вейдер	2
395	аргументация	2
396	кора	2
397	преодоление	2
398	циклон	2
399	портал	2
400	гибкость	2
401	прокол	2
402	исчезновение	2
403	обновление	2
404	полиэтилен	2
405	реж	2
406	суперспособность	2
407	разновидность	2
408	результативность	2
409	дуб	2
410	инжиниринг	2
411	наташа	2
412	комбайн	2
413	микрометр	2
414	корма	2
415	ремесленник	2
416	шах	2
417	экспансия	2
418	ведомость	2
419	наследие	2
420	севастьянов	2
421	допущение	2
422	упущение	2
423	забег	2
424	состоятельность	2
425	древесина	2
426	карьер	2
427	намагниченность	2
428	нострадамус	2
429	изотоп	2
430	уязвимость	2
431	фотосинтез	2
432	подобие	2
433	вить	2
434	клавиатура	2
435	монстр	2
436	противодействие	2
437	фермион	2
438	сжигание	2
439	расизм	2
440	флинн	2
441	нелепость	2
442	ковальск	2
443	космодром	2
444	биоинформатика	2
445	поддержание	2
446	рекорд	2
447	светимость	2
448	удел	2
449	конгресс	2
450	электромагнит	2
451	оранжерея	2
452	сближение	2
453	прогнозист	2
454	набухание	2
455	наводка	2
456	скелет	2
457	хелена	2
458	радиопередача	2
459	телепортация	2
460	кварк	2
461	урбанизация	2
462	магистр	2
463	полупроводник	2
464	фонетика	2
465	джедай	2
466	клапан	2
467	лайк	2
468	заложник	2
469	тысячелетие	2
470	вольфрам	2
471	глас	2
472	слюна	2
473	суперпозиция	2
474	нуклеотид	2
475	шимпанзе	2
476	червь	2
477	супер	2
478	механика	2
479	базис	2
480	толща	2
481	нейроинтерфейс	2
482	поликлиника	2
483	монетка	2
484	сканер	2
485	лунолет	2
486	пасадный	2
487	особь	2
488	ноутбук	2
489	хит	2
490	модальность	2
491	печаль	2
492	сверхпроводник	2
493	антиматерия	2
494	термоизоляция	2
495	интерпретация	2
496	нашивка	2
497	ультразвук	2
498	элизиум	2
499	мечтатель	2
500	перепад	2
501	гитарист	2
502	повозка	2
503	вест	2
504	чудовище	2
505	оао	2
506	трек	2
507	круча	2
508	киностудия	2
509	кубит	2
510	пророчество	2
511	генератор	2
512	высадка	2
513	нано	2
514	взлет	2
515	ввод	2
516	заблуждение	2
517	вовлеченность	2
518	металлургия	2
519	желудь	2
520	горох	2
521	сера	2
522	терапия	2
523	погружение	2
524	столяр	2
525	логистика	2
526	з	2
527	существительное	2
528	однозначность	2
529	экономист	2
530	надстройка	2
531	азбука	2
532	засуха	2
533	сладость	2
534	этичность	2
535	литье	2
536	диапазон	2
537	оппонент	2
538	чип	2
539	работоспособность	2
540	одиссея	2
541	солярис	2
542	цукерберг	2
543	приближение	2
544	напряженность	2
545	деформация	2
546	негодность	2
547	проектор	2
548	иллюминатор	2
549	сага	2
550	ритэг	2
551	косметика	2
552	гарпун	2
553	кровоизлияние	2
554	потомство	2
555	интегратор	2
556	неопределенность	2
557	предшественник	2
558	астрофизик	2
559	нелюбовь	2
560	фентези	2
561	суперинтеллект	2
562	транспортировка	2
563	ливингстон	2
564	заголовок	2
565	люся	2
566	тольятти	2
567	фильтр	2
568	клонирование	2
569	глюкоза	2
570	реактор	2
571	диета	2
572	технолог	2
573	цитозин	2
574	аккумулятор	2
575	бозон	2
576	эм	2
577	суперпартнер	2
578	ориентация	2
579	стык	2
580	транс	2
581	опережение	2
582	металлург	2
583	отходы	2
584	параллель	2
585	дисплей	2
586	техноэволюция	2
587	столп	2
588	извлечение	2
589	мегаконструкция	2
590	наночастица	2
591	палеонтолог	2
592	зонтик	2
593	тематика	2
594	деймон	2
595	предрасположенность	2
596	тесло	2
597	спуск	2
598	бессмертие	2
599	космонавтика	2
600	посредник	2
601	муравейник	2
602	экспериментатор	2
603	контейнер	2
604	фаренгейт	2
605	утеплитель	2
606	бит	2
607	чушь	2
608	углекислота	2
609	светова	2
610	мобильник	2
611	элона	2
612	наречие	2
613	координата	2
614	очевидность	2
615	техносфера	2
616	проксим	2
617	редис	2
618	спецификация	2
619	нф	2
620	сборка	2
621	треугольник	2
622	болид	2
623	код	2
624	скайуокер	2
625	заряд	2
626	милан	2
627	картография	2
628	пирс	2
629	огурец	2
630	навигация	2
631	мишень	2
632	кинолента	2
633	гелий	2
634	дарт	2
635	загашник	2
636	исток	2
637	образующая	2
638	активация	2
639	удобрение	2
640	туризм	2
641	изолятор	2
642	первопроходец	2
643	нейрофизиолог	2
644	предпосылка	2
645	водолаз	2
646	биохимия	2
647	пузырь	2
648	титр	2
649	барранко	2
650	пикап	2
651	хлоропласт	2
652	аудиоряд	2
653	печень	2
654	светофильтр	2
655	конденсат	2
656	посев	2
657	декорация	2
658	водоросль	2
659	энцелады	2
660	казино	2
661	каменщик	2
662	набросок	2
663	трилогия	2
664	ускоритель	2
665	магнит	2
666	полсекунды	2
667	бакалавр	2
668	ита	2
669	инсульт	2
670	пехота	2
671	пластичность	2
672	симбиоз	2
673	рельс	2
674	моторика	2
675	прототипирование	2
676	монитор	2
677	тендер	2
678	распад	2
679	трение	2
680	энергообеспечение	2
681	фундамент	2
682	капсула	2
683	химик	2
684	мат	2
685	часовня	2
686	проникновение	2
687	враждебность	2
688	энергозатраты	2
689	квт	2
690	реабилитация	2
691	дин	2
692	сегмент	2
693	герц	2
694	альфа	2
695	созвездие	2
696	полигон	2
697	вариация	2
698	пуск	2
699	усмотрение	2
700	империализм	2
701	окей	2
702	ввп	2
703	радиоизлучение	2
704	прилагательный	2
705	отпечаток	2
706	доходность	2
707	раздача	2
708	челюсть	2
709	леса	2
710	телекинез	2
711	пленник	2
712	гиперпространство	2
713	реинкарнация	2
714	местоположение	2
715	ножницы	2
716	ваза	2
717	субстрат	2
718	матка	2
719	форсайт	2
720	полемика	2
721	обшивка	2
722	доброволец	2
723	пво	2
724	радиосигнал	2
725	искажение	2
726	электротехника	2
727	анабиоз	2
728	лингвистика	2
729	икс	2
730	обсерватория	2
731	приземление	2
732	александров	2
733	гингва	2
734	автоматика	2
735	криопротектор	2
736	пиктограммка	2
737	бортинженер	2
738	терраформирование	2
739	пришелец	2
740	шахматист	2
741	компактность	2
742	валл	2
743	поперечник	2
744	уля	2
745	написание	2
746	клише	2
747	кубрик	2
748	ржать	2
749	примесь	2
750	сопло	2
751	тритон	2
752	долженствование	2
753	переселение	2
754	метка	2
755	инновация	2
756	сверхинтеллект	2
757	интервал	1
758	предустановка	1
759	бонсай	1
760	продюсер	1
761	аффлек	1
762	местонахождение	1
763	форекс	1
764	констатация	1
765	реквеста	1
766	уран	1
767	текучесть	1
768	экер	1
769	талия	1
770	взаимозависимость	1
771	курск	1
772	опиум	1
773	чп	1
774	альтернативистика	1
775	бусина	1
776	резуховидка	1
777	безобразие	1
778	прослушок	1
779	юра	1
780	крупица	1
781	денч	1
782	трансформер	1
783	ферропикрит	1
784	металитр	1
785	клубок	1
786	топал	1
787	хижина	1
788	нищета	1
789	изюминка	1
790	батагай	1
791	энергоресурс	1
792	абрикос	1
793	теплоизоляция	1
794	приспособление	1
795	донор	1
796	дьюк	1
797	побои	1
798	кооператив	1
799	расселина	1
800	охват	1
801	барышня	1
802	антиоксидант	1
803	перуно	1
804	паралич	1
805	шпиль	1
806	узелок	1
807	нажива	1
808	киберугроза	1
809	загранбанк	1
810	вундеркинд	1
811	светоблок	1
812	шарифулин	1
813	галиля	1
814	руины	1
815	лопата	1
816	обслуга	1
817	дряхление	1
818	фосфор	1
819	авантюра	1
820	нордмайер	1
821	лавина	1
822	яблоня	1
823	прямохождение	1
824	досягаемость	1
825	шифт	1
826	старка	1
827	топка	1
828	аранжировка	1
829	офтальмология	1
830	игнорирование	1
831	задел	1
832	электротехник	1
833	параллакс	1
834	вокализация	1
835	особняк	1
836	дагоба	1
837	подвох	1
838	видеонаблюдение	1
839	фонема	1
840	загар	1
841	санузел	1
842	завкафедра	1
843	зайлоно	1
844	ожерелие	1
845	рождаемость	1
846	радиология	1
847	окаменелость	1
848	вычислитель	1
849	вестерн	1
850	униформа	1
851	форпост	1
852	автронавт	1
853	магнер	1
854	залежь	1
855	бек	1
856	филология	1
857	селенит	1
858	гистон	1
859	ныряние	1
860	спецпривилегия	1
861	скат	1
862	пиктограмма	1
863	реанимация	1
864	субъективизм	1
865	преобразовывать	1
866	сталлоно	1
867	глобать	1
868	покойница	1
869	цысинь	1
870	приручение	1
871	банкротсв	1
872	гомогенность	1
873	кристоферотти	1
874	метеослужба	1
875	ублюдок	1
876	ведомый	1
877	теломераз	1
878	минерал	1
879	празднование	1
880	прописка	1
881	лебло	1
882	обочина	1
883	протока	1
884	мистика	1
885	перегрев	1
886	сверхцивилизация	1
887	азиат	1
888	нестабильный	1
889	биомасса	1
890	посудомойка	1
891	антилопа	1
892	спецмаш	1
893	стропа	1
894	квазимомент	1
895	крат	1
896	щелково	1
897	мел	1
898	прозрачность	1
899	экранирование	1
900	покер	1
901	изобретательность	1
902	уолф	1
903	даллас	1
904	нуклеомер	1
905	кариес	1
906	экостроительство	1
907	стебель	1
908	склеивание	1
909	аугсбург	1
910	незнание	1
911	пропитка	1
912	утилизация	1
913	миэта	1
914	саунд	1
915	путеводитель	1
916	блондин	1
917	улей	1
918	остадо	1
919	геном	1
920	болванка	1
921	металлист	1
922	постобраток	1
923	обтюратор	1
924	хоровод	1
925	арабидопсис	1
926	фрика	1
927	прах	1
928	акселератор	1
929	утолщение	1
930	ступня	1
931	автотест	1
932	предводительство	1
933	скотти	1
934	тма	1
935	цинк	1
936	орфография	1
937	скрэббл	1
938	сынок	1
939	идентификация	1
940	таксопарк	1
941	ваниль	1
942	дентин	1
943	переоснащение	1
944	боеприпасы	1
945	минуточка	1
946	бабушкофон	1
947	автономность	1
948	тороид	1
949	кербер	1
950	нацизм	1
951	импринтинг	1
952	стереоконтраст	1
953	мэгга	1
954	филантропия	1
955	взросление	1
956	гуанин	1
957	пицца	1
958	шторка	1
959	боэма	1
960	сверхжанр	1
961	плоскогорье	1
962	порноактриса	1
963	дельфи	1
964	трубач	1
965	отжиг	1
966	вебизод	1
967	эрид	1
968	костюмер	1
969	баррат	1
970	удержание	1
971	коламбий	1
972	гровер	1
973	мрт	1
974	дупло	1
975	наноматериал	1
976	инвестирование	1
977	хархордин	1
978	чикин	1
979	замещение	1
980	миллисекунда	1
981	вычитание	1
982	холдинг	1
983	перезапуск	1
984	киноэкран	1
985	эпичность	1
986	платиноид	1
987	оборотень	1
988	резервуар	1
989	компрессия	1
990	агония	1
991	машиностроение	1
992	листва	1
993	статейка	1
994	маргинал	1
995	эпигенетик	1
996	шашка	1
997	гмо	1
998	грайсвальд	1
999	прораб	1
1000	даль	1
1001	тиран	1
1002	тюльпан	1
1003	оснастка	1
1004	пончик	1
1005	ступица	1
1006	бульбазавр	1
1007	доказанный	1
1008	телеметрия	1
1009	замораживание	1
1010	социалка	1
1011	гистограмма	1
1012	микроблог	1
1013	прожорливость	1
1014	минец	1
1015	земляк	1
1016	эмпайр	1
1017	развязка	1
1018	кинематография	1
1019	мрнк	1
1020	цифир	1
1021	нуклеоплазма	1
1022	бакалавриат	1
1023	литератор	1
1024	радиобиолог	1
1025	промокод	1
1026	рамез	1
1027	конкорд	1
1028	смещение	1
1029	гипнопедия	1
1030	правка	1
1031	бутылочка	1
1032	компетентность	1
1033	разогрев	1
1034	бэкап	1
1035	караоке	1
1036	сверхразум	1
1037	липосакция	1
1038	сигма	1
1039	бигелоу	1
1040	замедление	1
1041	сеня	1
1042	пифия	1
1043	свитер	1
1044	сегрегация	1
1045	станок	1
1046	перхлорат	1
1047	проращивание	1
1048	миллионер	1
1049	лофтус	1
1050	ванесс	1
1051	дегенерат	1
1052	кулинар	1
1053	фитон	1
1054	перефразирование	1
1055	впрыск	1
1056	палеоклиматолог	1
1057	синергетика	1
1058	камаз	1
1059	иголка	1
1060	гаряев	1
1061	обюрокрачивание	1
1062	паркс	1
1063	дефект	1
1064	дикость	1
1065	ракетостроение	1
1066	краудфандинг	1
1067	крестик	1
1068	джантин	1
1069	треугольничка	1
1070	ловля	1
1071	поисковик	1
1072	супервулкан	1
1073	экосистема	1
1074	емейл	1
1075	гярнп	1
1076	нарды	1
1077	печник	1
1078	хемотаксис	1
1079	тучность	1
1080	скафандарми	1
1081	холдеман	1
1082	коррозия	1
1083	отрок	1
1084	оффшор	1
1085	кландер	1
1086	гигель	1
1087	юран	1
1088	конформация	1
1089	затвор	1
1090	техасец	1
1091	умывание	1
1092	трэкшн	1
1093	распущенность	1
1094	сюд	1
1095	бодипозитивист	1
1096	кнс	1
1097	барлетта	1
1098	никта	1
1099	насмешка	1
1100	витрификация	1
1101	экостроитель	1
1102	милитаризм	1
1103	кибер	1
1104	участь	1
1105	бакстер	1
1106	микроэлектроника	1
1107	эксплорер	1
1108	пра	1
1109	тахион	1
1110	инвест	1
1111	самооценка	1
1112	многосверкатель	1
1113	наноструктурирование	1
1114	камуфляж	1
1115	возвышение	1
1116	тармашев	1
1117	майна	1
1118	нанодиапазон	1
1119	кислотность	1
1120	неразвитость	1
1121	галинстан	1
1122	пластификатор	1
1123	анестезия	1
1124	бармин	1
1125	мекка	1
1126	спокойныйамериканец	1
1127	сангвиник	1
1128	соната	1
1129	осложнение	1
1130	транспозон	1
1131	ультра	1
1132	прожига	1
1133	ориентир	1
1134	игнатиевич	1
1135	дешевизна	1
1136	вампир	1
1137	куарон	1
1138	террикон	1
1139	слабак	1
1140	расщелина	1
1141	скрипочка	1
1142	раница	1
1143	макинтайра	1
1144	морщина	1
1145	привилегия	1
1146	киборгизация	1
1147	микростимуляция	1
1148	цыпленок	1
1149	беглец	1
1150	телеэкран	1
1151	адепт	1
1152	подводник	1
1153	автобан	1
1154	миэм	1
1155	кибатлоно	1
1156	раскопка	1
1157	ямбул	1
1158	галоша	1
1159	барра	1
1160	акифьев	1
1161	фотонаблюдение	1
1162	связанность	1
1163	главк	1
1164	выродок	1
1165	бронь	1
1166	дороговизна	1
1167	ассесмент	1
1168	приемлить	1
1169	антигравитация	1
1170	нонсенс	1
1171	лингвист	1
1172	тамбов	1
1173	лептина	1
1174	сервейор	1
1175	меганебоскреб	1
1176	отстаивание	1
1177	ремонттехобслуживание	1
1178	транспозиция	1
1179	негр	1
1180	эмбрион	1
1181	присказка	1
1182	луковица	1
1183	афин	1
1184	иероглиф	1
1185	мимикрия	1
1186	тиль	1
1187	пережиток	1
1188	пучок	1
1189	ущелие	1
1190	микроскоп	1
1191	теплоэлектростанция	1
1192	селиванов	1
1193	аппетит	1
1194	слагать	1
1195	песочек	1
1196	стимул	1
1197	илоно	1
1198	матушка	1
1199	сердитость	1
1200	гришанин	1
1201	трейдер	1
1202	пекари	1
1203	айфонгелие	1
1204	ремонтник	1
1205	телепатическа	1
1206	кассиопея	1
1207	нейтралитет	1
1208	х	1
1209	менеджмент	1
1210	эколог	1
1211	фанат	1
1212	неравенство	1
1213	полпути	1
1214	карлсруэ	1
1215	нарушитель	1
1216	отклонение	1
1217	вымещение	1
1218	лотти	1
1219	спбгпу	1
1220	аполлон	1
1221	чармандер	1
1222	кондиционер	1
1223	орешек	1
1224	сожжение	1
1225	гирд	1
1226	альманах	1
1227	обтекатель	1
1228	убер	1
1229	эскулап	1
1230	оаэ	1
1231	энтерпрайз	1
1232	кинг	1
1233	радиосвязь	1
1234	баррикада	1
1235	маттерхорн	1
1236	гиады	1
1237	парочка	1
1238	катаклизм	1
1239	рапорт	1
1240	противоположность	1
1241	транзакция	1
1242	антенна	1
1243	ватник	1
1244	нелегкий	1
1245	бесстужева	1
1246	пюре	1
1247	кузнец	1
1248	баптист	1
1249	мерф	1
1250	агрессор	1
1251	мистицизм	1
1252	экоматериал	1
1253	поливинилхлорид	1
1254	угольщик	1
1255	биоэволюция	1
1256	джакарта	1
1257	эфиродинамика	1
1258	разнонаправленность	1
1259	эзотерика	1
1260	лезвие	1
1261	коалиция	1
1262	бургер	1
1263	авто	1
1264	ноордунг	1
1265	аксессуар	1
1266	репетиторство	1
1267	неприличие	1
1268	королевство	1
1269	клушанец	1
1270	странник	1
1271	терра	1
1272	жк	1
1273	подлокотник	1
1274	теплоход	1
1275	энергоресурсы	1
1276	интенция	1
1277	многосерийность	1
1278	иридиум	1
1279	полиграф	1
1280	дорать	1
1281	зао	1
1282	сородич	1
1283	технолоджа	1
1284	полуслово	1
1285	налет	1
1286	обиталище	1
1287	чешуя	1
1288	капитализация	1
1289	монаш	1
1290	панацея	1
1291	облет	1
1292	сантименты	1
1293	постчеловечество	1
1294	добытчик	1
1295	гепатит	1
1296	стерлинг	1
1297	техзадание	1
1298	эда	1
1299	колыбель	1
1300	авиастроитель	1
1301	хабравчан	1
1302	интеграл	1
1303	перфторуглерод	1
1304	спецполиклиника	1
1305	шельф	1
1306	сохранность	1
1307	криоконсервация	1
1308	дикобраз	1
1309	флэшбек	1
1310	окружность	1
1311	рассказчик	1
1312	заглушка	1
1313	брусок	1
1314	блады	1
1315	автостопщик	1
1316	приписка	1
1317	поборы	1
1318	цитадель	1
1319	подмышка	1
1320	монослой	1
1321	воу	1
1322	ночник	1
1323	наладка	1
1324	ион	1
1325	похищение	1
1326	инцидент	1
1327	леска	1
1328	орестес	1
1329	этан	1
1330	диагноз	1
1331	кантри	1
1332	гурман	1
1333	гиктаймс	1
1334	китобой	1
1335	трутень	1
1336	сыщик	1
1337	механобр	1
1338	хиппи	1
1339	провиант	1
1340	шорин	1
1341	сибэнзима	1
1342	преддверие	1
1343	плантация	1
1344	прииск	1
1345	уверение	1
1346	доминион	1
1347	астроцыпленок	1
1348	козлы	1
1349	крипто	1
1350	разморозок	1
1351	ядрышко	1
1352	вибрисс	1
1353	вербовка	1
1354	амплитуда	1
1355	астрофизика	1
1356	сервер	1
1357	предвестник	1
1358	аудиовоздействие	1
1359	драматизм	1
1360	штамп	1
1361	дисклеймер	1
1362	настройщик	1
1363	подчинение	1
1364	аккаунт	1
1365	мумбай	1
1366	дырочка	1
1367	пародия	1
1368	антитеза	1
1369	итэф	1
1370	неоламаркист	1
1371	подписчик	1
1372	двоечник	1
1373	таль	1
1374	пря	1
1375	быстродействие	1
1376	навешивание	1
1377	ханжа	1
1378	рудник	1
1379	ипостась	1
1380	разрез	1
1381	ровена	1
1382	гравитон	1
1383	плеяда	1
1384	бестужева	1
1385	аллод	1
1386	невидимость	1
1387	нелегкая	1
1388	прикуриватель	1
1389	испытуемый	1
1390	макасар	1
1391	чуфа	1
1392	виком	1
1393	ересь	1
1394	нард	1
1395	футляр	1
1396	нагуглило	1
1397	личинка	1
1398	малик	1
1399	димитровград	1
1400	дворник	1
1401	скрининг	1
1402	овладение	1
1403	рояль	1
1404	писанина	1
1405	размораживание	1
1406	паутина	1
1407	нэска	1
1408	калантар	1
1409	хром	1
1410	микроэлемент	1
1411	водохранилище	1
1412	строп	1
1413	брауэр	1
1414	карма	1
1415	поводок	1
1416	селькия	1
1417	теплица	1
1418	чиселок	1
1419	непостижимость	1
1420	междоусобица	1
1421	кулибин	1
1422	скопус	1
1423	стенограмма	1
1424	химрар	1
1425	метаболизм	1
1426	воспитатель	1
1427	керн	1
1428	урожайность	1
1429	березник	1
1430	токсин	1
1431	шайхай	1
1432	кучка	1
1433	аркаим	1
1434	постобработка	1
1435	мишин	1
1436	сайенс	1
1437	энтропия	1
1438	конденсатор	1
1439	кейза	1
1440	обыденность	1
1441	самотек	1
1442	персоналка	1
1443	целлюлоза	1
1444	бинг	1
1445	воровство	1
1446	налогоплательщик	1
1447	репликатор	1
1448	алкилфенолэтоксилат	1
1449	биотопливо	1
1450	метановый	1
1451	фрактал	1
1452	базальтопластика	1
1453	целость	1
1454	фундаментальность	1
1455	ртуть	1
1456	укв	1
1457	радиопрозрачность	1
1458	южнокореец	1
1459	растяжение	1
1460	селезенка	1
1461	цикличность	1
1462	кроссовок	1
1463	табу	1
1464	гениталия	1
1465	баги	1
1466	аргонносок	1
1467	баффетт	1
1468	беспристрастность	1
1469	калгаш	1
1470	керосин	1
1471	свекла	1
1472	миша	1
1473	зажим	1
1474	киновселенная	1
1475	экспонат	1
1476	шланг	1
1477	дессен	1
1478	ниокрый	1
1479	складка	1
1480	балтимор	1
1481	планетезималь	1
1482	катер	1
1483	сборы	1
1484	панель	1
1485	метель	1
1486	радиохимия	1
1487	колесниченко	1
1488	метилирование	1
1489	взрывчатка	1
1490	виб	1
1491	пилюля	1
1492	швея	1
1493	люлька	1
1494	кристабель	1
1495	номогенез	1
1496	самописец	1
1497	привязка	1
1498	поля	1
1499	ньехофф	1
1500	варп	1
1501	отдаление	1
1502	экспрессия	1
1503	покемон	1
1504	телескомый	1
1505	самообучение	1
1506	драматург	1
1507	радиоэлектроника	1
1508	пена	1
1509	йохансон	1
1510	пылинка	1
1511	зеленоград	1
1512	бектест	1
1513	пшик	1
1514	палитра	1
1515	теракт	1
1516	конан	1
1517	осмысленность	1
1518	мимика	1
1519	болячка	1
1520	вердикт	1
1521	протекание	1
1522	реструктуризация	1
1523	симулятор	1
1524	терапевт	1
1525	блюдечко	1
1526	ферзь	1
1527	догмат	1
1528	чернота	1
1529	скейтборд	1
1530	крольчонок	1
1531	онкомаркер	1
1532	майнер	1
1533	мембрана	1
1534	типлер	1
1535	культ	1
1536	отображение	1
1537	зоология	1
1538	голограмма	1
1539	тамбор	1
1540	книгопечатание	1
1541	броня	1
1542	задира	1
1543	перлин	1
1544	мул	1
1545	драйвер	1
1546	хэтэуэй	1
1547	хрононавт	1
1548	колклый	1
1549	толкач	1
1550	сочувствие	1
1551	наноэлектроника	1
1552	вишванатан	1
1553	тайбэй	1
1554	опыление	1
1555	раскрой	1
1556	дебил	1
1557	арка	1
1558	исходник	1
1559	биопроцессор	1
1560	офэкт	1
1561	кол	1
1562	эдитосома	1
1563	кокин	1
1564	гардероб	1
1565	жужжание	1
1566	сверхпластичность	1
1567	репликация	1
1568	явь	1
1569	елец	1
1570	джелепов	1
1571	пудун	1
1572	поливать	1
1573	аккредитация	1
1574	лишайник	1
1575	дубно	1
1576	уклад	1
1577	генезис	1
1578	бельрива	1
1579	липуновый	1
1580	фазирование	1
1581	капилляр	1
1582	фич	1
1583	токамак	1
1584	осьминог	1
1585	душка	1
1586	копилка	1
1587	замешательство	1
1588	хронолит	1
1589	этоа	1
1590	венчура	1
1591	резон	1
1592	автомобилестроение	1
1593	макияж	1
1594	панпсихизм	1
1595	номенклатура	1
1596	абсурдность	1
1597	пастбище	1
1598	спецслужба	1
1599	энерговооруженность	1
1600	стратег	1
1601	интрон	1
1602	стрыгин	1
1603	дорис	1
1604	росток	1
1605	экзосфера	1
1606	млекопитающее	1
1607	наноцентр	1
1608	химиотерапия	1
1609	зина	1
1610	хищник	1
1611	джидда	1
1612	дот	1
1613	куплет	1
1614	зевс	1
1615	мбат	1
1616	мореплаватель	1
1617	вихрево	1
1618	акрилан	1
1619	фанатизм	1
1620	рельеф	1
1621	отправитель	1
1622	соджонер	1
1623	оптимизация	1
1624	отрезка	1
1625	ворона	1
1626	марля	1
1627	мистификация	1
1628	сложение	1
1629	нейролингвист	1
1630	макет	1
1631	заставка	1
1632	шприц	1
1633	этнология	1
1634	пир	1
1635	зомбоящик	1
1636	мягкость	1
1637	суперхищник	1
1638	культя	1
1639	магистратура	1
1640	полиаденилирование	1
1641	жнец	1
1642	марсонавт	1
1643	луддит	1
1644	документация	1
1645	декан	1
1646	расплата	1
1647	конвертор	1
1648	расцветка	1
1649	органика	1
1650	резонанс	1
1651	квадриллион	1
1652	выдержка	1
1653	порция	1
1654	монреаль	1
1655	биоценоз	1
1656	умысел	1
1657	объективность	1
1658	частичка	1
1659	дань	1
1660	единичка	1
1661	рыбалка	1
1662	килстр	1
1663	колосс	1
1664	резонатор	1
1665	огнетушитель	1
1666	псевдогуманность	1
1667	усилитель	1
1668	кассир	1
1669	цветность	1
1670	коммент	1
1671	вильямс	1
1672	разнородность	1
1673	микроводоросль	1
1674	аппроксимация	1
1675	дискотека	1
1676	тугушево	1
1677	фармакогенетика	1
1678	нуклон	1
1679	сито	1
1680	металовна	1
1681	позитрон	1
1682	гул	1
1683	аквакультура	1
1684	завет	1
1685	эвристика	1
1686	лик	1
1687	собираемость	1
1688	заверение	1
1689	карлссен	1
1690	герпес	1
1691	дедушкопэд	1
1692	коньяква	1
1693	салат	1
1694	запечатление	1
1695	расточительность	1
1696	щепа	1
1697	лакуна	1
1698	лактоза	1
1699	дзидать	1
1700	эргономика	1
1701	физраствор	1
1702	соус	1
1703	телефильм	1
1704	знаменитость	1
1705	владлен	1
1706	евпатория	1
1707	правдивость	1
1708	супертелескоп	1
1709	фредкин	1
1710	люциферин	1
1711	диабет	1
1712	моравиа	1
1713	погрешность	1
1714	покорение	1
1715	наброс	1
1716	квант	1
1717	полость	1
1718	футурист	1
1719	подпроект	1
1720	худолий	1
1721	некролог	1
1722	нихий	1
1723	спекуляция	1
1724	фотоскульптура	1
1725	гуглокарта	1
1726	посмешище	1
1727	вальс	1
1728	беркут	1
1729	грибница	1
1730	усть	1
1731	переосмысление	1
1732	стопка	1
1733	приземленность	1
1734	стартер	1
1735	йота	1
1736	протаивание	1
1737	рапс	1
1738	формальдегид	1
1739	мелвилл	1
1740	прогрессабезопасность	1
1741	взаиморасположение	1
1742	дудла	1
1743	органелла	1
1744	фэйл	1
1745	причастие	1
1746	переохлаждение	1
1747	полихета	1
1748	постапокалипсис	1
1749	самоубийство	1
1750	торнадо	1
1751	конек	1
1752	пульт	1
1753	ахиллес	1
1754	липецк	1
1755	бенарес	1
1756	мятежник	1
1757	электропоезд	1
1758	постоянство	1
1759	резистор	1
1760	быков	1
1761	йод	1
1762	ферромагнетик	1
1763	контролер	1
1764	арена	1
1765	штуковина	1
1766	крионика	1
1767	сосуществование	1
1768	весточка	1
1769	подстраховка	1
1770	маккэндлесс	1
1771	самотлор	1
1772	мономиф	1
1773	дрекслер	1
1774	звездо	1
1775	зазеркалье	1
1776	докторантура	1
1777	макинтош	1
1778	опилка	1
1779	пиарщик	1
1780	относительность	1
1781	шиномонтаж	1
1782	стелларатор	1
1783	лава	1
1784	перовскит	1
1785	техноценоз	1
1786	сапрыкин	1
1787	гирька	1
1788	дистрибутор	1
1789	экшн	1
1790	симптом	1
1791	нетерпимость	1
1792	ксо	1
1793	автослесарь	1
1794	лодыжка	1
1795	дистиллятор	1
1796	метеор	1
1797	капок	1
1798	трансляция	1
1799	перетаскивание	1
1800	гепатокарцинома	1
1801	функционал	1
1802	дубль	1
1803	перекрытие	1
1804	электробиосинтез	1
1805	посевной	1
1806	подстрочник	1
1807	буста	1
1808	хайтек	1
1809	куртец	1
1810	лысцев	1
1811	эскадрон	1
1812	сероводород	1
1813	гиктаймовец	1
1814	альянс	1
1815	ховерпояс	1
1816	корешок	1
1817	фриланс	1
1818	сверло	1
1819	претворение	1
1820	канары	1
1821	мотоцикл	1
1822	ремесло	1
1823	кара	1
1824	проектант	1
1825	поликарбоксилат	1
1826	визажист	1
1827	пресс	1
1828	рыцарь	1
1829	вязкость	1
1830	базаров	1
1831	ошибочность	1
1832	впоследствие	1
1833	заклад	1
1834	шеньчжень	1
1835	пиратство	1
1836	наклейка	1
1837	эма	1
1838	инвентарь	1
1839	нахождение	1
1840	облучение	1
1841	иате	1
1842	понт	1
1843	джастисон	1
1844	энергоустановка	1
1845	англосакс	1
1846	зюйдмайер	1
1847	медсестра	1
1848	космолет	1
1849	причастность	1
1850	вояж	1
1851	мастодонт	1
1852	крионик	1
1853	вовлечение	1
1854	велотренажер	1
1855	вентиляция	1
1856	дрожжи	1
1857	просветление	1
1858	буж	1
1859	льюин	1
1860	водоворот	1
1861	раздумье	1
1862	индивидуальность	1
1863	сунита	1
1864	дилидженс	1
1865	клипер	1
1866	неомания	1
1867	жандарм	1
1868	вася	1
1869	гонщик	1
1870	рим	1
1871	башкирцев	1
1872	деплоить	1
1873	гаубица	1
1874	горняк	1
1875	фосфат	1
1876	предтеча	1
1877	эстафета	1
1878	гоминид	1
1879	тепловизор	1
1880	микро	1
1881	ландшафт	1
1882	надувательство	1
1883	урна	1
1884	паллада	1
1885	впечатлевать	1
1886	дюссельдорф	1
1887	овес	1
1888	композит	1
1889	йоншер	1
1890	самоучка	1
1891	праноед	1
1892	конфуз	1
1893	централизация	1
1894	микрофон	1
1895	транскрибируемость	1
1896	ингибитор	1
1897	бэтмена	1
1898	собачка	1
1899	эрекция	1
1900	джонас	1
1901	мейнстрим	1
1902	пешка	1
1903	звукорежиссер	1
1904	нибир	1
1905	словообразование	1
1906	постер	1
1907	криптозащита	1
1908	полуночь	1
1909	схватка	1
1910	контрмера	1
1911	малахит	1
1912	алармист	1
1913	темница	1
1914	грант	1
1915	пиза	1
1916	просадка	1
1917	пунктир	1
1918	реверси	1
1919	расцвет	1
1920	чудак	1
1921	провидец	1
1922	петронас	1
1923	амбиция	1
1924	полудюжина	1
1925	цианобактерия	1
1926	кожура	1
1927	размен	1
1928	спаржа	1
1929	радиус	1
1930	жилища	1
1931	аэродинамика	1
1932	тритий	1
1933	тирания	1
1934	заземление	1
1935	метилцитозин	1
1936	ананда	1
1937	касперский	1
1938	биоэнергетика	1
1939	обхват	1
1940	досада	1
1941	микробиолог	1
1942	извержение	1
1943	мыс	1
1944	антонин	1
1945	шарагу	1
1946	дедал	1
1947	оклахома	1
1948	отыскание	1
1949	студентка	1
1950	питч	1
1951	порка	1
1952	нюанс	1
1953	саморазрушение	1
1954	стажер	1
1955	базальт	1
1956	оживление	1
1957	макхарг	1
1958	муар	1
1959	изувер	1
1960	оригинал	1
1961	статусность	1
1962	насморк	1
1963	контры	1
1964	бустома	1
1965	эконом	1
1966	конгломерат	1
1967	неурожай	1
1968	олимп	1
1969	па	1
1970	залегание	1
1971	артиллерия	1
1972	белгород	1
1973	микоплазма	1
1974	грузоподъемность	1
1975	эндюранс	1
1976	триллер	1
1977	сосулька	1
1978	чек	1
1979	профилактика	1
1980	троицк	1
1981	бета	1
1982	грузчик	1
1983	перец	1
1984	люкассен	1
1985	майкрофт	1
1986	израэль	1
1987	паззло	1
1988	арифметик	1
1989	циклотрон	1
1990	неизбежность	1
1991	импульс	1
1992	вшивание	1
1993	перестрелка	1
1994	заря	1
1995	снип	1
1996	никель	1
1997	техобслуживание	1
1998	кошмар	1
1999	хлорелла	1
2000	выручка	1
2001	автокатастрофа	1
2002	завихритель	1
2003	бридж	1
2004	арес	1
2005	бунт	1
2006	микрофонщик	1
2007	гаргантя	1
2008	робошкола	1
2009	сквиртль	1
2010	конструкт	1
2011	возведение	1
2012	помол	1
2013	вопль	1
2014	начинание	1
2015	застройка	1
2016	соленоид	1
2017	протеома	1
2018	раунд	1
2019	биоматериал	1
2020	комбайнер	1
2021	улика	1
2022	корабел	1
2023	мотивация	1
2024	сектантство	1
2025	шнур	1
2026	косинский	1
2027	люцифераз	1
2028	брюнет	1
2029	быстров	1
2030	привязанность	1
2031	откровение	1
2032	зомби	1
2033	умелец	1
2034	орион	1
2035	скайнуть	1
2036	предсказатель	1
2037	транспортер	1
2038	стерилизация	1
2039	микширование	1
2040	госпереворот	1
2041	магнитка	1
2042	пройда	1
2043	комфорт	1
2044	нанорисунок	1
2045	придавливание	1
2046	многоголосие	1
2047	заплыв	1
2048	засов	1
2049	стратегирование	1
2050	островитянин	1
2051	угат	1
2052	таможня	1
2053	педипулятор	1
2054	киномеханик	1
2055	айсберг	1
2056	летник	1
2057	свинец	1
2058	плоскогубцы	1
2059	фантомас	1
2060	обустройство	1
2061	комсток	1
2062	прощение	1
2063	нирфь	1
2064	вангуй	1
2065	нептун	1
2066	оскорбление	1
2067	квалиа	1
2068	тварь	1
2069	каретка	1
2070	вакцина	1
2071	кумир	1
2072	спецбольница	1
2073	кинокамера	1
2074	привязь	1
2075	гонение	1
2076	фэнни	1
2077	космопорт	1
2078	тайга	1
2079	дружок	1
2080	биолюминесценция	1
2081	скварк	1
2082	несуществование	1
2083	шрифт	1
2084	фтордезоксиглюкоза	1
2085	руда	1
2086	уралмаш	1
2087	агрегат	1
2088	поддон	1
2089	стеклопакет	1
2090	зенит	1
2091	росссия	1
2092	обжимание	1
2093	челнок	1
2094	транспарант	1
2095	микрогель	1
2096	кмоп	1
2097	гармошка	1
2098	языкознание	1
2099	ипотека	1
2100	радула	1
2101	латерализация	1
2102	коммерциализация	1
2103	эфириум	1
2104	отопление	1
2105	маршрутизатор	1
2106	задеть	1
2107	наклонение	1
2108	сугнак	1
2109	педиатр	1
2110	мультимиллионер	1
2111	концовка	1
2112	индукция	1
2113	сказочка	1
2114	македонский	1
2115	утечка	1
2116	застройщик	1
2117	блондинка	1
2118	корректность	1
2119	втретий	1
2120	протеин	1
2121	планетоход	1
2122	гиперсфера	1
2123	кофемашина	1
2124	математизация	1
2125	электромагнетизм	1
2126	метеоролог	1
2127	электромотор	1
2128	биомолекула	1
2129	астронавтика	1
2130	айзексон	1
2131	исчисляемость	1
2132	передозировка	1
2133	заплатка	1
2134	распознавание	1
2135	сверхрас	1
2136	борда	1
2137	допуск	1
2138	парилен	1
2139	паб	1
2140	пересыхание	1
2141	пемза	1
2142	экстраполятор	1
2143	лопасть	1
2144	зазубривание	1
2145	наноструктура	1
2146	лыжа	1
2147	теорема	1
2148	скотобойня	1
2149	вживление	1
2150	искусствоведение	1
2151	адаптация	1
2152	жевание	1
2153	апоптоз	1
2154	эванстон	1
2155	сучок	1
2156	сердцебиение	1
2157	наконечник	1
2158	бюрократия	1
2159	суперкрепость	1
2160	начинка	1
2161	бумстартер	1
2162	пила	1
2163	тумблер	1
2164	рекрут	1
2165	нанопор	1
2166	цифирь	1
2167	спица	1
2168	фонтан	1
2169	сперматозоид	1
2170	кибернож	1
2171	мольберт	1
2172	волокнистость	1
2173	созревание	1
2174	герметичность	1
2175	салют	1
2176	разврат	1
2177	зарисовка	1
2178	вырезание	1
2179	планка	1
2180	радиатор	1
2181	морг	1
2182	всадник	1
2183	трафик	1
2184	завотдел	1
2185	спирит	1
2186	интерференция	1
2187	тессеракт	1
2188	намайнить	1
2189	лвпк	1
2190	нанопластификатор	1
2191	инициация	1
2192	окинава	1
2193	упорядоченность	1
2194	подсвечник	1
2195	робби	1
2196	делимый	1
2197	заменитель	1
2198	коматиит	1
2199	телекоммуникация	1
2200	дамгаард	1
2201	диспетчер	1
2202	полмиллиона	1
2203	задрищенск	1
2204	ритейл	1
2205	мень	1
2206	пудинг	1
2207	мн	1
2208	веселие	1
2209	сайленсер	1
2210	дренирование	1
2211	джем	1
2212	сечение	1
2213	айти	1
2214	писец	1
2215	энергодобыча	1
2216	приращение	1
2217	прохождение	1
2218	сенсомоторона	1
2219	указатель	1
2220	фотка	1
2221	форвардтест	1
2222	антропошовинист	1
2223	бронна	1
2224	глотка	1
2225	кт	1
2226	экман	1
2227	взаимосвязь	1
2228	обитатель	1
2229	мегахит	1
2230	кевлар	1
2231	канцероген	1
2232	бортжурнал	1
2233	приоритизация	1
2234	декодирование	1
2235	букер	1
2236	вогнутость	1
2237	почка	1
2238	сталь	1
2239	гидросфера	1
2240	микровыражение	1
2241	кинозал	1
2242	морковка	1
2243	варварство	1
2244	слизень	1
2245	быль	1
2246	невезение	1
2247	мальвиль	1
2248	полиметилметакрилат	1
2249	ремарка	1
2250	гипотетическа	1
2251	чаризард	1
2252	тундра	1
2253	счетовод	1
2254	обжатие	1
2255	реиндустриализация	1
2256	голодька	1
2257	связность	1
2258	автопилот	1
2259	теснина	1
2260	притягательность	1
2261	желтизна	1
2262	экзоскелет	1
2263	дилемма	1
2264	дзоода	1
2265	плезиозавр	1
2266	вуаль	1
2267	пинкус	1
2268	болгарин	1
2269	горбатко	1
2270	телепорт	1
2271	задворки	1
2272	электропроводность	1
2273	должный	1
2274	пикач	1
2275	мститель	1
2276	эукаритоы	1
2277	алмаз	1
2278	поедание	1
2279	верста	1
2280	клиницист	1
2281	хаотичность	1
2282	волейбол	1
2283	тизер	1
2284	салфетка	1
2285	нексус	1
2286	биогеронтолог	1
2287	правонарушитель	1
2288	горошина	1
2289	мивар	1
2290	вилла	1
2291	атлантис	1
2292	завлаборатория	1
2293	кливленд	1
2294	директива	1
2295	инсулятор	1
2296	бетлхем	1
2297	небытие	1
2298	чаббчабба	1
2299	аденома	1
2300	авиапилот	1
2301	пух	1
2302	бормашина	1
2303	плохость	1
2304	бержерак	1
2305	родня	1
2306	холодноии	1
2307	вакансия	1
2308	параллелс	1
2309	гравий	1
2310	биокомпьютер	1
2311	ансгар	1
2312	стомиллиона	1
2313	суперфоркастер	1
2314	геотропизм	1
2315	скэффолд	1
2316	аркануть	1
2317	кэннер	1
2318	социум	1
2319	ультрафиолет	1
2320	фалл	1
2321	термообработка	1
2322	мурашки	1
2323	наместник	1
2324	шарман	1
2325	ветробежец	1
2326	имитация	1
2327	термоэлемент	1
2328	перелет	1
2329	глицерин	1
2330	беглянка	1
2331	гейм	1
2332	поддерживание	1
2333	субтитр	1
2334	фетиш	1
2335	светлячок	1
2336	урбанист	1
2337	блик	1
2338	жемчужина	1
2339	регулятор	1
2340	перси	1
2341	выкраивание	1
2342	канат	1
2343	впадина	1
2344	осадок	1
2345	ключица	1
2346	кабак	1
2347	деепричастие	1
2348	авиасейлз	1
2349	ворсинка	1
2350	альф	1
2351	космотуризм	1
2352	коробочка	1
2353	всеволодович	1
2354	контур	1
2355	геология	1
2356	джобсе	1
2357	захоронение	1
2358	биодизель	1
2359	скейтбординг	1
2360	минимизация	1
2361	сило	1
2362	гостев	1
2363	нелогичность	1
2364	порабощение	1
2365	брессон	1
2366	пластырь	1
2367	серфинг	1
2368	потеплеетеща	1
2369	рейнерс	1
2370	модница	1
2371	фиброз	1
2372	грунтовка	1
2373	синдром	1
2374	абрадж	1
2375	кресс	1
2376	отголосок	1
2377	семантика	1
2378	сказочник	1
2379	транскрипция	1
2380	беспорядок	1
2381	экзон	1
2382	таити	1
2383	отливка	1
2384	баг	1
2385	твит	1
2386	безумство	1
2387	захватчик	1
2388	маммография	1
2389	прилагательное	1
2390	исаакович	1
2391	блохострелка	1
2392	метрика	1
2393	приватность	1
2394	саморазвитие	1
2395	дистопия	1
2396	тушенка	1
2397	лексикон	1
2398	нестабильность	1
2399	вмешательство	1
2400	огневик	1
2401	муравьекони	1
2402	луновик	1
2403	перепродажа	1
2404	нагромождение	1
2405	цезий	1
2406	прожектор	1
2407	кэмпбэла	1
2408	ховербордист	1
2409	хокк	1
2410	любовник	1
2411	бодрость	1
2412	одержимость	1
2413	доводка	1
2414	индетерминизм	1
2415	кинокомпания	1
2416	апельсин	1
2417	дворняжка	1
2418	безмолвие	1
2419	килогерц	1
2420	наама	1
2421	респондент	1
2422	солома	1
2423	чтец	1
2424	перечисление	1
2425	хэнфорнд	1
2426	контрабанда	1
2427	рулетка	1
2428	лунарь	1
2429	облом	1
2430	гидроколлоид	1
2431	тула	1
2432	селебрити	1
2433	влажность	1
2434	шашлык	1
2435	видеопоток	1
2436	тимин	1
2437	хэнфорд	1
2438	мессия	1
2439	зарядка	1
2440	уборка	1
2441	квадратик	1
2442	маневр	1
2443	зонирование	1
2444	субмарина	1
2445	шпатель	1
2446	видеоряд	1
2447	завязка	1
2448	нафталенсульфоната	1
2449	тропопауза	1
2450	серьга	1
2451	вайсберг	1
2452	азарт	1
2453	микросхема	1
2454	сайбермаарец	1
2455	слепок	1
2456	оцепенение	1
2457	доплер	1
2458	источникиигорь	1
2459	зубок	1
2460	реализм	1
2461	новелла	1
2462	припев	1
2463	затея	1
2464	краткоцвет	1
2465	кейп	1
2466	аэрогель	1
2467	вереница	1
2468	пасхалка	1
2469	вмф	1
2470	децентрализованность	1
2471	геополитика	1
2472	микроволновка	1
2473	гравиволна	1
2474	кемерон	1
2475	утроба	1
2476	бенжамин	1
2477	бабуля	1
2478	девитта	1
2479	кровообращение	1
2480	напыление	1
2481	доку	1
2482	электрик	1
2483	цитоплазма	1
2484	ориентирование	1
2485	насекомое	1
2486	нутро	1
2487	флюорография	1
2488	монета	1
2489	синапс	1
2490	голубизна	1
2491	электростимуляция	1
2492	вернкиста	1
2493	мобь	1
2494	кабриолет	1
2495	энергосистема	1
2496	циклоп	1
2497	втягивание	1
2498	утенок	1
2499	всеоружие	1
2500	самоанализ	1
2501	калугин	1
2502	боз	1
2503	укроп	1
2504	сбитие	1
2505	затопление	1
2506	перегрузка	1
2507	семиевая	1
2508	конспиролог	1
2509	евангелизм	1
2510	макропрорыв	1
2511	динамичность	1
2512	банкет	1
2513	электросеть	1
2514	самосвал	1
2515	одушевленность	1
2516	автоматизация	1
2517	мемминген	1
2518	наутилус	1
2519	лайнландия	1
2520	помысел	1
2521	эко	1
2522	подворотничок	1
2523	босс	1
2524	импланта	1
2525	ранасингх	1
2526	нематода	1
2527	продакшн	1
2528	навоз	1
2529	снаряжение	1
2530	синтаксис	1
2531	гольф	1
2532	сегалович	1
2533	клэрмонт	1
2534	голдман	1
2535	джейся	1
2536	финиш	1
2537	аэрация	1
2538	мена	1
2539	премодерация	1
2540	перераспределение	1
2541	прибыльность	1
2542	венчурист	1
2543	пряник	1
2544	восковыя	1
2545	илячево	1
2546	бронх	1
2547	полиграфия	1
2548	хауи	1
2549	кров	1
2550	светофор	1
2551	пропись	1
2552	аль	1
2553	жилплощадь	1
2554	энергоноситель	1
2555	зелинск	1
2556	аркология	1
2557	тоня	1
2558	сяоха	1
2559	регламент	1
2560	противоядие	1
2561	хардкор	1
2562	снежки	1
2563	тречать	1
2564	инерция	1
2565	зарядье	1
2566	призвание	1
2567	вихорь	1
2568	превентивность	1
2569	поп	1
2570	аватар	1
2571	микропловец	1
2572	урод	1
2573	переносица	1
2574	микроб	1
2575	рюмин	1
2576	альфацентавр	1
2577	голень	1
2578	лайтбокс	1
2579	младенчество	1
2580	брайс	1
2581	построн	1
2582	перенаселение	1
2583	штукатур	1
2584	измена	1
2585	силикон	1
2586	лом	1
2587	материаловедение	1
2588	профанация	1
2589	трубочка	1
2590	стабилизация	1
2591	самосовершенствование	1
2592	коппол	1
2593	предрассудок	1
2594	пожилой	1
2595	поляризация	1
2596	фредуолл	1
2597	черити	1
2598	морковь	1
2599	самар	1
2600	виам	1
2601	кальций	1
2602	генерация	1
2603	жизнеобеспечение	1
2604	бертта	1
2605	визионер	1
2606	сплайсинг	1
2607	сучжоу	1
2608	калипсо	1
2609	ошибочный	1
2610	скомканно	1
2611	кроманьонец	1
2612	узнавание	1
2613	фасад	1
2614	робокоп	1
2615	кибератака	1
2616	бедняга	1
2617	коллаген	1
2618	бурдж	1
2619	справочник	1
2620	пятка	1
2621	бритва	1
2622	бензоколонка	1
2623	пересказ	1
2624	гернсбек	1
2625	универсал	1
2626	острие	1
2627	профилум	1
2628	контрабандист	1
2629	чжунго	1
2630	когогин	1
2631	маргарита	1
2632	медик	1
2633	огибание	1
2634	брендинг	1
2635	даос	1
2636	слом	1
2637	мироздание	1
2638	тектоника	1
2639	обстоятельность	1
2640	вшивость	1
2641	лузер	1
2642	коммерция	1
2643	метать	1
2644	сжатие	1
2645	русала	1
2646	этиленгликоль	1
2647	замес	1
2648	стойкость	1
2649	минтранс	1
2650	достопримечательность	1
2651	аудиодорожка	1
2652	соломинка	1
2653	телец	1
2654	изречение	1
2655	литвинов	1
2656	прагматизм	1
2657	капитализм	1
2658	алкоголизм	1
2659	марченко	1
2660	частник	1
2661	умеренность	1
2662	причинность	1
2663	гатчина	1
2664	звуковик	1
2665	стрелочка	1
2666	берлдинер	1
2667	хацапетовка	1
2668	лозанна	1
2669	джуно	1
2670	кейс	1
2671	стратосфера	1
2672	персонализация	1
2673	сокол	1
2674	напасть	1
2675	нафталин	1
2676	фуд	1
2677	поселенец	1
2678	лиза	1
2679	нововведение	1
2680	фермер	1
2681	миниатюра	1
2682	минисателлит	1
2683	кейко	1
2684	экстремал	1
2685	пиндоса	1
2686	козленок	1
2687	сленг	1
2688	хрусталь	1
2689	старье	1
2690	невица	1
2691	медиалаб	1
2692	предпринимательство	1
2693	заморозок	1
2694	теплоотдача	1
2695	цензура	1
2696	стройность	1
2697	калуга	1
2698	зотов	1
2699	сеул	1
2700	терон	1
2701	фгуп	1
2702	накрутка	1
2703	немирофф	1
2704	накамато	1
2705	картечь	1
2706	зоркость	1
2707	кибатлон	1
2708	биржа	1
2709	закуска	1
2710	шеньчжоу	1
2711	образчик	1
2712	каркас	1
2713	буржуй	1
2714	дауни	1
2715	аквапарк	1
2716	пробел	1
2717	восход	1
2718	теломер	1
2719	фишка	1
2720	фильтрация	1
2721	дивинченцо	1
2722	двуногай	1
2723	обитание	1
2724	троя	1
2725	давность	1
2726	тесто	1
2727	обуза	1
2728	линза	1
2729	реформирование	1
2730	авиамоделирование	1
2731	подсистема	1
2732	мпа	1
2733	вич	1
2734	амазон	1
2735	моча	1
2736	бедняк	1
2737	радиофармпрепарат	1
2738	скрытность	1
2739	шарлатан	1
2740	экод	1
2741	пикачурин	1
2742	растерянность	1
2743	краб	1
2744	аи	1
2745	валик	1
2746	благотворительность	1
2747	счисление	1
2748	кооперация	1
2749	наемник	1
2750	саронг	1
2751	маккуорри	1
2752	ммм	1
2753	аргон	1
2754	полутон	1
2755	упреждение	1
2756	снегопокалипсис	1
2757	ископаемое	1
2758	кинескоп	1
2759	злодей	1
2760	экстремофил	1
2761	йикел	1
2762	экспресс	1
2763	раса	1
2764	конус	1
2765	нейрокружево	1
2766	наушник	1
2767	завал	1
2768	конфета	1
2769	периметр	1
2770	чубакка	1
2771	бумеранг	1
2772	донышко	1
2773	полушарие	1
2774	перемотка	1
2775	разрегулировка	1
2776	гермооболочка	1
2777	распечатка	1
2778	кира	1
2779	леденец	1
2780	подвижность	1
2781	адрон	1
2782	монолит	1
2783	сексизм	1
2784	преемственность	1
2785	биотехнолог	1
2786	ноосфера	1
2787	чианга	1
2788	околосветова	1
2789	электромобиль	1
2790	излишек	1
2791	туманность	1
2792	саванна	1
2793	андроид	1
2794	чудачество	1
2795	солпитер	1
2796	хаб	1
2797	местечко	1
2798	пупырышек	1
2799	мегавысотка	1
2800	шаляпин	1
2801	хранилище	1
2802	лада	1
2803	посредничество	1
2804	погоня	1
2805	кухаренко	1
2806	псевдоним	1
2807	аттосекунда	1
2808	сеттинг	1
2809	подогрев	1
2810	эпигенетика	1
2811	предсказуемость	1
2812	фитотрон	1
2813	фонить	1
2814	афера	1
2815	магнетрон	1
2816	гальванизм	1
2817	резолюция	1
2818	фиаско	1
2819	пустошь	1
2820	чаппи	1
2821	провизия	1
2822	буллка	1
2823	обтирание	1
2824	беззащитность	1
2825	лигносульфоната	1
2826	белковый	1
2827	лжец	1
2828	раушенбах	1
2829	любищев	1
2830	рудимент	1
2831	свердловск	1
2832	асхат	1
2833	саранпауль	1
2834	местоимение	1
2835	бипедальность	1
2836	туай	1
2837	климука	1
2838	весть	1
2839	мах	1
2840	ильичев	1
2841	виал	1
2842	фанатик	1
2843	биосинтез	1
2844	продолжительность	1
2845	соц	1
2846	вилюй	1
2847	незаменимость	1
2848	пари	1
2849	исправление	1
2850	титаник	1
2851	выхлоп	1
2852	байка	1
2853	шкатулка	1
2854	сказочность	1
2855	процессор	1
2856	жигули	1
2857	флеш	1
2858	кайло	1
2859	переписывание	1
2860	транскодирование	1
2861	биоробот	1
2862	гигагерц	1
2863	псевдогумманизм	1
2864	стикс	1
2865	лайткон	1
2866	номинация	1
2867	рябь	1
2868	цкбэма	1
2869	заражение	1
2870	фольга	1
2871	родство	1
2872	сенат	1
2873	митта	1
2874	коваленок	1
2875	мальцев	1
2876	теплопотеря	1
2877	танбридж	1
2878	земледелие	1
2879	ильин	1
2880	проросток	1
2881	неуставняк	1
2882	ктесья	1
2883	камешек	1
2884	формулировка	1
2885	холерик	1
2886	гелиот	1
2887	топика	1
2888	рубанок	1
2889	архипович	1
2890	аэроплан	1
2891	набарывать	1
2892	потеха	1
2893	стройматериал	1
2894	кодон	1
2895	отбой	1
2896	спецназ	1
2897	каламбур	1
2898	выработка	1
2899	бойлер	1
2900	гроссмейстер	1
2901	лучинин	1
2902	управленец	1
2903	ланцетник	1
2904	согласный	1
2905	сиквел	1
2906	кукловод	1
2907	гвадалахара	1
2908	чезар	1
2909	отсев	1
2910	чувствительность	1
2911	нямок	1
2912	кластер	1
2913	сгорание	1
2914	рейн	1
2915	дантес	1
2916	рыло	1
2917	трудозатраты	1
2918	цниимаш	1
2919	волонтер	1
2920	иридий	1
2921	пристрастие	1
2922	мечтание	1
2923	воздухаа	1
2924	наниматель	1
2925	стан	1
2926	перитон	1
2927	декомпиляция	1
2928	ватс	1
2929	брюзжание	1
2930	фрегат	1
2931	безосома	1
2932	стеклопластик	1
2933	инертность	1
2934	ретранслятор	1
2935	гак	1
2936	отдельность	1
2937	лак	1
2938	лютик	1
2939	югославия	1
2940	пометка	1
2941	бездействие	1
2942	вейнберг	1
2943	диктофон	1
2944	градация	1
2945	докторант	1
2946	трехтомник	1
2947	скепсис	1
2948	селекция	1
2949	селфи	1
2950	дискриминация	1
2951	орхидея	1
2952	рев	1
2953	репик	1
2954	деградация	1
2955	циферблат	1
2956	каторжник	1
2957	окупаемость	1
2958	майнинг	1
2959	дебют	1
2960	видоизменение	1
2961	реформатский	1
2962	нитрат	1
2963	скрипка	1
2964	штанга	1
2965	адванс	1
2966	бор	1
2967	нииэфа	1
2968	оренбург	1
2969	кокос	1
2970	мускул	1
2971	радищев	1
2972	полуокружность	1
2973	цуп	1
2974	кузен	1
2975	смайлик	1
2976	пияф	1
2977	раковина	1
2978	кабель	1
2979	гипоталамус	1
2980	позвоночник	1
2981	антидепресант	1
2982	биндеровец	1
2983	волокно	1
2984	корм	1
2985	глобалистика	1
2986	иппи	1
2987	крестный	1
2988	футурология	1
2989	разок	1
2990	креационист	1
2991	сабля	1
2992	кардиология	1
2993	армагеддон	1
2994	ривьера	1
2995	недуг	1
2996	супергерой	1
2997	девидо	1
2998	надобность	1
2999	премиум	1
3000	серебряков	1
3001	экономичность	1
3002	мышонок	1
3003	полиглот	1
3004	сумасшествие	1
3005	слежка	1
3006	разгар	1
3007	мушка	1
3008	доплата	1
3009	мелань	1
3010	фитиль	1
3011	реванш	1
3012	противоречивость	1
3013	мечтательность	1
3014	ревертант	1
3015	санитар	1
3016	мельбурн	1
3017	губарев	1
3018	абрамс	1
3019	фаэтон	1
3020	оскарович	1
3021	автотрасса	1
3022	оияй	1
3023	делориана	1
3024	правдоподобность	1
3025	микроэволюция	1
3026	торги	1
3027	нажатие	1
3028	иванченков	1
3029	ижевск	1
3030	самурай	1
3031	аномалия	1
3032	базворд	1
3033	беранж	1
3034	изменчивость	1
3035	вражда	1
3036	охапка	1
3037	гранит	1
3038	пи	1
3039	меланокортин	1
3040	гидробассейн	1
3041	стражник	1
3042	таун	1
3043	универсальность	1
3044	воспаление	1
3045	нейроботикс	1
3046	магеллан	1
3047	экзопланета	1
3048	тележник	1
3049	демобилизация	1
3050	ревность	1
3051	логотип	1
3052	легион	1
3053	углевод	1
3054	вмятина	1
3055	перитонит	1
3056	спец	1
3057	давос	1
3058	плотник	1
3059	рокосмос	1
3060	понажовщина	1
3061	бхаргава	1
3062	физиология	1
3063	богданович	1
3064	консенсус	1
3065	шасси	1
3066	вхождение	1
3067	макроуровень	1
3068	натиск	1
3069	недочет	1
3070	взаимопонимание	1
3071	автопробка	1
3072	падаван	1
3073	преследователь	1
3074	овечка	1
3075	неодарвинист	1
3076	брянск	1
3077	профпригодность	1
3078	фотосфера	1
3079	неприкосновенность	1
3080	претендент	1
3081	балда	1
3082	оск	1
3083	форсаж	1
3084	иерархия	1
3085	нуклеон	1
3086	трущоба	1
3087	полпоколение	1
3088	портфолио	1
3089	макконнеллы	1
3090	опустынивание	1
3091	приют	1
3092	скальци	1
3093	магистрант	1
3094	подшипник	1
3095	прегрешение	1
3096	эухроматин	1
3097	клаузевица	1
3098	отсылка	1
3099	стыковка	1
3100	боевичок	1
3101	техсовет	1
3102	нейропроцесс	1
3103	тостер	1
3104	таксист	1
3105	эндимион	1
3106	отцепление	1
3107	ожирение	1
3108	криостат	1
3109	балансир	1
3110	инженерия	1
3111	предотвращение	1
3112	неанглофон	1
3113	проклятие	1
3114	прогностика	1
3115	стратовулкан	1
3116	фармакогенетик	1
3117	гавань	1
3118	оппортьюнивать	1
3119	канбаши	1
3120	гаусс	1
3121	свч	1
3122	хромомер	1
3123	затвердитель	1
3124	клуня	1
3125	перезапись	1
3126	ватт	1
3127	гарнизон	1
3128	пират	1
3129	чех	1
3130	спираль	1
3131	пермь	1
3132	сбрасывание	1
3133	вт	1
3134	латы	1
3135	эскиз	1
3136	авангард	1
3137	выбиратель	1
3138	стенд	1
3139	легализация	1
3140	щавель	1
3141	синяк	1
3142	метафизик	1
3143	пыл	1
3144	сцепление	1
3145	балласт	1
3146	балансировка	1
3147	дэйзь	1
3148	рыжий	1
3149	кристалл	1
3150	артрит	1
3151	аэрохоккей	1
3152	олицетворение	1
3153	панорама	1
3154	ректор	1
3155	питие	1
3156	инжениринг	1
3157	форстер	1
3158	нанозерный	1
3159	рассекречивание	1
3160	эттингер	1
3161	волшебство	1
3162	самосатский	1
3163	тучекукуевск	1
3164	бластер	1
3165	диамандис	1
3166	следование	1
3167	эвристичность	1
3168	байт	1
3169	радиовышка	1
3170	дейтерий	1
3171	стереолитография	1
3172	карлайла	1
3173	склеп	1
3174	зачатие	1
3175	фьюриос	1
3176	космолетчик	1
3177	телевышка	1
3178	вырождение	1
3179	обмотка	1
3180	струна	1
3181	аннабель	1
3182	биолюминисценция	1
3183	герметизация	1
3184	тестировщик	1
3185	шарлиз	1
3186	кузбасс	1
3187	монтре	1
3188	сдвиг	1
3189	земекис	1
3190	реализуемость	1
3191	кошелек	1
3192	тусовка	1
3193	мейснер	1
3194	углубление	1
3195	телефотометр	1
3196	люцифер	1
3197	сумбава	1
3198	промович	1
3199	бамбук	1
3200	статуэтка	1
3201	оперативник	1
3202	партисипативность	1
3203	сауна	1
3204	штейн	1
3205	смачивание	1
3206	драгоценность	1
3207	дразнилка	1
3208	полшестого	1
3209	гетерохроматин	1
3210	метеоагентство	1
3211	биофизик	1
3212	пинатубо	1
3213	прот	1
3214	лобля	1
3215	становление	1
3216	надлом	1
3217	вторичка	1
3218	реставрация	1
3219	руб	1
3220	шэньчжоу	1
3221	депо	1
3222	махонь	1
3223	консерватизм	1
3224	нейробик	1
3225	гарня	1
3226	дозировка	1
3227	уорден	1
3228	тито	1
3229	мгс	1
3230	погибель	1
3231	бицепс	1
3232	блокнот	1
3233	баутекс	1
3234	миперо	1
3235	толчок	1
3236	захолустье	1
3237	отпрыск	1
3238	людской	1
3239	разоблачение	1
3240	люкс	1
3241	пехотинец	1
3242	эксплуататор	1
3243	миррен	1
3244	планировщик	1
3245	универсам	1
3246	палеонтология	1
3247	космоопера	1
3248	тропики	1
3249	подсветка	1
3250	микросекунда	1
3251	выпад	1
3252	кручение	1
3253	севастополь	1
3254	трикодер	1
3255	фенотип	1
3256	целостность	1
3257	аркадий	1
